brand,product_title,sku,color,size,description,specifications,availability,price,currency,image_urls,image_1,image_2,image_3,image_4,image_5,source_url,parent_product_id,scraped_at
Parkay Floors,"Basel Oak / 7"" x 48""",XPR-PARSTABAS-20,,,"Parkay Floors XPR Standards 2.0 7x48 Vinyl Plank combines clean design with robust construction, offering realistic wood visuals and superior water resistance. Easy to install and maintain, this luxury vinyl plank is ideal for high-traffic areas in homes or offices, delivering modern aesthetics with long-term durability.",,InStock,64.31,USD,https://floorscenter.com/cdn/shop/files/Parkay_Floors_Standards_2.0_7_x_48_Vinyl_Plank_Roomscene1.jpg?v=1762198360&width=1024,https://floorscenter.com/cdn/shop/files/Parkay_Floors_Standards_2.0_7_x_48_Vinyl_Plank_Roomscene1.jpg?v=1762198360&width=1024,,,,,https://floorscenter.com/products/parkay-floors-standards-2-0-7-x-48-vinyl-5mm-plank,/products/parkay-floors-standards-2-0-7-x-48-vinyl-5mm-plank#product,2026-08-19T19:40:23.301424+00:00
Parkay Floors,"Bremen Gray / 7"" x 48""",XPR-PARSTABRE-20,,,"Parkay Floors XPR Standards 2.0 7x48 Vinyl Plank combines clean design with robust construction, offering realistic wood visuals and superior water resistance. Easy to install and maintain, this luxury vinyl plank is ideal for high-traffic areas in homes or offices, delivering modern aesthetics with long-term durability.",,InStock,64.31,USD,https://floorscenter.com/cdn/shop/files/Parkay_Floors_Standards_2.0_7_x_48_Vinyl_Plank_Roomscene1.jpg?v=1762198360&width=1024,https://floorscenter.com/cdn/shop/files/Parkay_Floors_Standards_2.0_7_x_48_Vinyl_Plank_Roomscene1.jpg?v=1762198360&width=1024,,,,,https://floorscenter.com/products/parkay-floors-standards-2-0-7-x-48-vinyl-5mm-plank,/products/parkay-floors-standards-2-0-7-x-48-vinyl-5mm-plank#product,2026-08-19T19:40:23.301424+00:00
Parkay Floors,"Oslo Brown / 7"" x 48""",XPR-PARSTAOSL-20,,,"Parkay Floors XPR Standards 2.0 7x48 Vinyl Plank combines clean design with robust construction, offering realistic wood visuals and superior water resistance. Easy to install and maintain, this luxury vinyl plank is ideal for high-traffic areas in homes or offices, delivering modern aesthetics with long-term durability.",,InStock,64.31,USD,https://floorscenter.com/cdn/shop/files/Parkay_Floors_Standards_2.0_7_x_48_Vinyl_Plank_Roomscene1.jpg?v=1762198360&width=1024,https://floorscenter.com/cdn/shop/files/Parkay_Floors_Standards_2.0_7_x_48_Vinyl_Plank_Roomscene1.jpg?v=1762198360&width=1024,,,,,https://floorscenter.com/products/parkay-floors-standards-2-0-7-x-48-vinyl-5mm-plank,/products/parkay-floors-standards-2-0-7-x-48-vinyl-5mm-plank#product,2026-08-19T19:40:23.301424+00:00
Parkay Floors,"Verona White / 7"" x 48""",XPR-PARSTAVER-20,,,"Parkay Floors XPR Standards 2.0 7x48 Vinyl Plank combines clean design with robust construction, offering realistic wood visuals and superior water resistance. Easy to install and maintain, this luxury vinyl plank is ideal for high-traffic areas in homes or offices, delivering modern aesthetics with long-term durability.",,InStock,64.31,USD,https://floorscenter.com/cdn/shop/files/Parkay_Floors_Standards_2.0_7_x_48_Vinyl_Plank_Roomscene1.jpg?v=1762198360&width=1024,https://floorscenter.com/cdn/shop/files/Parkay_Floors_Standards_2.0_7_x_48_Vinyl_Plank_Roomscene1.jpg?v=1762198360&width=1024,,,,,https://floorscenter.com/products/parkay-floors-standards-2-0-7-x-48-vinyl-5mm-plank,/products/parkay-floors-standards-2-0-7-x-48-vinyl-5mm-plank#product,2026-08-19T19:40:23.301424+00:00
Parkay Floors,"Wismar Oak / 7"" x 48""",XPR-PARSTAWIS-20,,,"Parkay Floors XPR Standards 2.0 7x48 Vinyl Plank combines clean design with robust construction, offering realistic wood visuals and superior water resistance. Easy to install and maintain, this luxury vinyl plank is ideal for high-traffic areas in homes or offices, delivering modern aesthetics with long-term durability.",,InStock,64.31,USD,https://floorscenter.com/cdn/shop/files/Parkay_Floors_Standards_2.0_7_x_48_Vinyl_Plank_Roomscene1.jpg?v=1762198360&width=1024,https://floorscenter.com/cdn/shop/files/Parkay_Floors_Standards_2.0_7_x_48_Vinyl_Plank_Roomscene1.jpg?v=1762198360&width=1024,,,,,https://floorscenter.com/products/parkay-floors-standards-2-0-7-x-48-vinyl-5mm-plank,/products/parkay-floors-standards-2-0-7-x-48-vinyl-5mm-plank#product,2026-08-19T19:40:23.301424+00:00
,Parkay Floors XPR Standards 2.0 7&quot; x 48&quot; Vinyl Plank,48679202750766,,,"Parkay Floors XPR Standards 2.0 7x48 Vinyl Plank combines clean design with robust construction, offering realistic wood visuals and superior water resistance. Easy to install and maintain, this luxury vinyl plank is ideal for high-traffic areas i...",,InStock,64.31,USD,https://floorscenter.com//floorscenter.com/cdn/shop/files/Parkay_Floors_Standards_2.0_7_x_48_Vinyl_Plank_Roomscene1_800x.jpg?v=1762198360,https://floorscenter.com//floorscenter.com/cdn/shop/files/Parkay_Floors_Standards_2.0_7_x_48_Vinyl_Plank_Roomscene1_800x.jpg?v=1762198360,,,,,https://floorscenter.com/products/parkay-floors-standards-2-0-7-x-48-vinyl-5mm-plank,/products/parkay-floors-standards-2-0-7-x-48-vinyl-5mm-plank#product,2026-08-19T19:40:23.301424+00:00
Emser Tile,"Asphalt / 11.81"" x 23.62""",F20STERAS1224P,,,"Emser Sterlina II 12"" x 24"" Polished Porcelain Tile offers a luxurious feel with its sleek polished surface. This tile enhances light and space, making it perfect for contemporary designs. Use it for flooring or walls to create a sophisticated atmosphere.",,InStock,72.85,USD,https://floorscenter.com/cdn/shop/files/Emser_Sterlina_II_12_x_24_Rectified_Polished_Porcelain_Tile_Roomscene1.jpg?v=1762198528&width=1024,https://floorscenter.com/cdn/shop/files/Emser_Sterlina_II_12_x_24_Rectified_Polished_Porcelain_Tile_Roomscene1.jpg?v=1762198528&width=1024,,,,,https://floorscenter.com/products/emser-sterlina-ii-12-x-24-polished-porcelain-tile,/products/emser-sterlina-ii-12-x-24-polished-porcelain-tile#product,2026-08-19T19:40:23.301424+00:00
Emser Tile,"Dove / 11.81"" x 23.62""",F20STERDO1224P,,,"Emser Sterlina II 12"" x 24"" Polished Porcelain Tile offers a luxurious feel with its sleek polished surface. This tile enhances light and space, making it perfect for contemporary designs. Use it for flooring or walls to create a sophisticated atmosphere.",,InStock,72.85,USD,https://floorscenter.com/cdn/shop/files/Emser_Sterlina_II_12_x_24_Rectified_Polished_Porcelain_Tile_Roomscene1.jpg?v=1762198528&width=1024,https://floorscenter.com/cdn/shop/files/Emser_Sterlina_II_12_x_24_Rectified_Polished_Porcelain_Tile_Roomscene1.jpg?v=1762198528&width=1024,,,,,https://floorscenter.com/products/emser-sterlina-ii-12-x-24-polished-porcelain-tile,/products/emser-sterlina-ii-12-x-24-polished-porcelain-tile#product,2026-08-19T19:40:23.301424+00:00
Emser Tile,"Gray / 11.81"" x 23.62""",F20STERGR1224P,,,"Emser Sterlina II 12"" x 24"" Polished Porcelain Tile offers a luxurious feel with its sleek polished surface. This tile enhances light and space, making it perfect for contemporary designs. Use it for flooring or walls to create a sophisticated atmosphere.",,InStock,72.85,USD,https://floorscenter.com/cdn/shop/files/Emser_Sterlina_II_12_x_24_Rectified_Polished_Porcelain_Tile_Roomscene1.jpg?v=1762198528&width=1024,https://floorscenter.com/cdn/shop/files/Emser_Sterlina_II_12_x_24_Rectified_Polished_Porcelain_Tile_Roomscene1.jpg?v=1762198528&width=1024,,,,,https://floorscenter.com/products/emser-sterlina-ii-12-x-24-polished-porcelain-tile,/products/emser-sterlina-ii-12-x-24-polished-porcelain-tile#product,2026-08-19T19:40:23.301424+00:00
Emser Tile,"Henna / 11.81"" x 23.62""",F20STERHE1224P,,,"Emser Sterlina II 12"" x 24"" Polished Porcelain Tile offers a luxurious feel with its sleek polished surface. This tile enhances light and space, making it perfect for contemporary designs. Use it for flooring or walls to create a sophisticated atmosphere.",,InStock,72.85,USD,https://floorscenter.com/cdn/shop/files/Emser_Sterlina_II_12_x_24_Rectified_Polished_Porcelain_Tile_Roomscene1.jpg?v=1762198528&width=1024,https://floorscenter.com/cdn/shop/files/Emser_Sterlina_II_12_x_24_Rectified_Polished_Porcelain_Tile_Roomscene1.jpg?v=1762198528&width=1024,,,,,https://floorscenter.com/products/emser-sterlina-ii-12-x-24-polished-porcelain-tile,/products/emser-sterlina-ii-12-x-24-polished-porcelain-tile#product,2026-08-19T19:40:23.301424+00:00
Emser Tile,"Ivory / 11.81"" x 23.62""",F20STERIV1224P,,,"Emser Sterlina II 12"" x 24"" Polished Porcelain Tile offers a luxurious feel with its sleek polished surface. This tile enhances light and space, making it perfect for contemporary designs. Use it for flooring or walls to create a sophisticated atmosphere.",,InStock,72.85,USD,https://floorscenter.com/cdn/shop/files/Emser_Sterlina_II_12_x_24_Rectified_Polished_Porcelain_Tile_Roomscene1.jpg?v=1762198528&width=1024,https://floorscenter.com/cdn/shop/files/Emser_Sterlina_II_12_x_24_Rectified_Polished_Porcelain_Tile_Roomscene1.jpg?v=1762198528&width=1024,,,,,https://floorscenter.com/products/emser-sterlina-ii-12-x-24-polished-porcelain-tile,/products/emser-sterlina-ii-12-x-24-polished-porcelain-tile#product,2026-08-19T19:40:23.301424+00:00
Emser Tile,"Silver / 11.81"" x 23.62""",F20STERSI1224P,,,"Emser Sterlina II 12"" x 24"" Polished Porcelain Tile offers a luxurious feel with its sleek polished surface. This tile enhances light and space, making it perfect for contemporary designs. Use it for flooring or walls to create a sophisticated atmosphere.",,InStock,72.85,USD,https://floorscenter.com/cdn/shop/files/Emser_Sterlina_II_12_x_24_Rectified_Polished_Porcelain_Tile_Roomscene1.jpg?v=1762198528&width=1024,https://floorscenter.com/cdn/shop/files/Emser_Sterlina_II_12_x_24_Rectified_Polished_Porcelain_Tile_Roomscene1.jpg?v=1762198528&width=1024,,,,,https://floorscenter.com/products/emser-sterlina-ii-12-x-24-polished-porcelain-tile,/products/emser-sterlina-ii-12-x-24-polished-porcelain-tile#product,2026-08-19T19:40:23.301424+00:00
Emser Tile,"White / 11.81"" x 23.62""",F20STERWH1224P,,,"Emser Sterlina II 12"" x 24"" Polished Porcelain Tile offers a luxurious feel with its sleek polished surface. This tile enhances light and space, making it perfect for contemporary designs. Use it for flooring or walls to create a sophisticated atmosphere.",,InStock,72.85,USD,https://floorscenter.com/cdn/shop/files/Emser_Sterlina_II_12_x_24_Rectified_Polished_Porcelain_Tile_Roomscene1.jpg?v=1762198528&width=1024,https://floorscenter.com/cdn/shop/files/Emser_Sterlina_II_12_x_24_Rectified_Polished_Porcelain_Tile_Roomscene1.jpg?v=1762198528&width=1024,,,,,https://floorscenter.com/products/emser-sterlina-ii-12-x-24-polished-porcelain-tile,/products/emser-sterlina-ii-12-x-24-polished-porcelain-tile#product,2026-08-19T19:40:23.301424+00:00
,Emser Sterlina II - 12&quot; x 24&quot; Rectified Polished Porcelain Tile,47887938421038,,,"Emser Sterlina II 12&quot; x 24&quot; Polished Porcelain Tile offers a luxurious feel with its sleek polished surface. This tile enhances light and space, making it perfect for contemporary designs. Use it for flooring or walls to create a sophisticated atm...",,InStock,72.85,USD,https://floorscenter.com//floorscenter.com/cdn/shop/files/Emser_Sterlina_II_12_x_24_Rectified_Polished_Porcelain_Tile_Roomscene1_800x.jpg?v=1762198528,https://floorscenter.com//floorscenter.com/cdn/shop/files/Emser_Sterlina_II_12_x_24_Rectified_Polished_Porcelain_Tile_Roomscene1_800x.jpg?v=1762198528,,,,,https://floorscenter.com/products/emser-sterlina-ii-12-x-24-polished-porcelain-tile,/products/emser-sterlina-ii-12-x-24-polished-porcelain-tile#product,2026-08-19T19:40:23.301424+00:00
Bedrosians,"Grey / 16"" x 47""",DECTEXGRE1647,,,"The Bedrosians Textuality 16"" x 47"" Wall Tile makes a dramatic statement with its extra-tall rectangular format. Measuring 16 inches by 47 inches, this wall tile creates vertical emphasis that can make ceilings appear higher. Perfect for creating seamless accent walls in bathrooms, kitchens, and commercial spaces. The generous size minimizes grout lines for a clean, contemporary appearance. Durable ceramic construction resists moisture, stains, and daily wear. The matte finish provides a sophisticated look that hides fingerprints and water spots. Easy to install with proper wall preparation and adhesives. The neutral color palette ensures design versatility across various applications. Designers appreciate how these tall tiles can transform ordinary walls into striking design features. Requires professional installation for optimal results with this unique format. Offers both aesthetic impact and practical performance. The slightly textured surface adds subtle visual interest while maintaining easy cleanability.",,InStock,120.9,USD,https://floorscenter.com/cdn/shop/files/Bedrosians_Textuality_16_x_47_Wall_Tile_Roomscene2.jpg?v=1762198133&width=1024,https://floorscenter.com/cdn/shop/files/Bedrosians_Textuality_16_x_47_Wall_Tile_Roomscene2.jpg?v=1762198133&width=1024,,,,,https://floorscenter.com/products/bedrosians-textuality-16-x-47-wall-tile,/products/bedrosians-textuality-16-x-47-wall-tile#product,2026-08-19T19:40:23.301424+00:00
Bedrosians,"White / 16"" x 47""",DECTEXWHI1647,,,"The Bedrosians Textuality 16"" x 47"" Wall Tile makes a dramatic statement with its extra-tall rectangular format. Measuring 16 inches by 47 inches, this wall tile creates vertical emphasis that can make ceilings appear higher. Perfect for creating seamless accent walls in bathrooms, kitchens, and commercial spaces. The generous size minimizes grout lines for a clean, contemporary appearance. Durable ceramic construction resists moisture, stains, and daily wear. The matte finish provides a sophisticated look that hides fingerprints and water spots. Easy to install with proper wall preparation and adhesives. The neutral color palette ensures design versatility across various applications. Designers appreciate how these tall tiles can transform ordinary walls into striking design features. Requires professional installation for optimal results with this unique format. Offers both aesthetic impact and practical performance. The slightly textured surface adds subtle visual interest while maintaining easy cleanability.",,InStock,120.9,USD,https://floorscenter.com/cdn/shop/files/Bedrosians_Textuality_16_x_47_Wall_Tile_Roomscene2.jpg?v=1762198133&width=1024,https://floorscenter.com/cdn/shop/files/Bedrosians_Textuality_16_x_47_Wall_Tile_Roomscene2.jpg?v=1762198133&width=1024,,,,,https://floorscenter.com/products/bedrosians-textuality-16-x-47-wall-tile,/products/bedrosians-textuality-16-x-47-wall-tile#product,2026-08-19T19:40:23.301424+00:00
Bedrosians,"Cream / 16"" x 47""",DECTEXCRE1647,,,"The Bedrosians Textuality 16"" x 47"" Wall Tile makes a dramatic statement with its extra-tall rectangular format. Measuring 16 inches by 47 inches, this wall tile creates vertical emphasis that can make ceilings appear higher. Perfect for creating seamless accent walls in bathrooms, kitchens, and commercial spaces. The generous size minimizes grout lines for a clean, contemporary appearance. Durable ceramic construction resists moisture, stains, and daily wear. The matte finish provides a sophisticated look that hides fingerprints and water spots. Easy to install with proper wall preparation and adhesives. The neutral color palette ensures design versatility across various applications. Designers appreciate how these tall tiles can transform ordinary walls into striking design features. Requires professional installation for optimal results with this unique format. Offers both aesthetic impact and practical performance. The slightly textured surface adds subtle visual interest while maintaining easy cleanability.",,InStock,120.9,USD,https://floorscenter.com/cdn/shop/files/Bedrosians_Textuality_16_x_47_Wall_Tile_Roomscene2.jpg?v=1762198133&width=1024,https://floorscenter.com/cdn/shop/files/Bedrosians_Textuality_16_x_47_Wall_Tile_Roomscene2.jpg?v=1762198133&width=1024,,,,,https://floorscenter.com/products/bedrosians-textuality-16-x-47-wall-tile,/products/bedrosians-textuality-16-x-47-wall-tile#product,2026-08-19T19:40:23.301424+00:00
,Bedrosians Textuality 16&quot; x 47&quot; Ceramic Wall Tile,47782991757614,,,"The Bedrosians Textuality 16&quot; x 47&quot; Wall Tile makes a dramatic statement with its extra-tall rectangular format. Measuring 16 inches by 47 inches, this wall tile creates vertical emphasis that can make ceilings appear higher. Perfect for creating ...",,InStock,120.9,USD,https://floorscenter.com//floorscenter.com/cdn/shop/files/Bedrosians_Textuality_16_x_47_Wall_Tile_Roomscene2_800x.jpg?v=1762198133,https://floorscenter.com//floorscenter.com/cdn/shop/files/Bedrosians_Textuality_16_x_47_Wall_Tile_Roomscene2_800x.jpg?v=1762198133,,,,,https://floorscenter.com/products/bedrosians-textuality-16-x-47-wall-tile,/products/bedrosians-textuality-16-x-47-wall-tile#product,2026-08-19T19:40:23.301424+00:00
Bedrosians,"Black Sea / 2.5"" x 5""",DECMARBLS255G,,,"Bedrosians Marin 2.5"" x 5"" Glossy Ceramic Wall Tile offers creative possibilities with its rectangular proportions in a high-Glossy ceramic finish. These tiles create dynamic patterns perfect for adding visual interest to backsplashes and bathroom walls. The Glossy surface reflects light beautifully while the durable ceramic construction ensures long-lasting performance. The 2.5"" x 5"" size allows for creative layouts that break from traditional subway tile patterns. Perfect for modern kitchens and powder rooms, this tile brings fresh energy to residential and light commercial spaces. Whether used in grid formations or offset patterns, it delivers contemporary style with the practical benefits of easy-to-clean ceramic surfaces that maintain their luminous finish over time.",,InStock,47.29,USD,https://floorscenter.com/cdn/shop/files/DECMARBLS255G-SRC.jpg?v=1702216514&width=1024,https://floorscenter.com/cdn/shop/files/DECMARBLS255G-SRC.jpg?v=1702216514&width=1024,,,,,https://floorscenter.com/products/bedrosians-marin-2-5-x-5-gloss-ceramic-wall-tile,/products/bedrosians-marin-2-5-x-5-gloss-ceramic-wall-tile#product,2026-08-19T19:40:23.301424+00:00
Bedrosians,"Coastal Cliff / 2.5"" x 5""",DECMARCOC255G,,,"Bedrosians Marin 2.5"" x 5"" Glossy Ceramic Wall Tile offers creative possibilities with its rectangular proportions in a high-Glossy ceramic finish. These tiles create dynamic patterns perfect for adding visual interest to backsplashes and bathroom walls. The Glossy surface reflects light beautifully while the durable ceramic construction ensures long-lasting performance. The 2.5"" x 5"" size allows for creative layouts that break from traditional subway tile patterns. Perfect for modern kitchens and powder rooms, this tile brings fresh energy to residential and light commercial spaces. Whether used in grid formations or offset patterns, it delivers contemporary style with the practical benefits of easy-to-clean ceramic surfaces that maintain their luminous finish over time.",,InStock,47.29,USD,https://floorscenter.com/cdn/shop/files/DECMARBLS255G-SRC.jpg?v=1702216514&width=1024,https://floorscenter.com/cdn/shop/files/DECMARBLS255G-SRC.jpg?v=1702216514&width=1024,,,,,https://floorscenter.com/products/bedrosians-marin-2-5-x-5-gloss-ceramic-wall-tile,/products/bedrosians-marin-2-5-x-5-gloss-ceramic-wall-tile#product,2026-08-19T19:40:23.301424+00:00
Bedrosians,"Midnight Tide / 2.5"" x 5""",DECMARMIT255G,,,"Bedrosians Marin 2.5"" x 5"" Glossy Ceramic Wall Tile offers creative possibilities with its rectangular proportions in a high-Glossy ceramic finish. These tiles create dynamic patterns perfect for adding visual interest to backsplashes and bathroom walls. The Glossy surface reflects light beautifully while the durable ceramic construction ensures long-lasting performance. The 2.5"" x 5"" size allows for creative layouts that break from traditional subway tile patterns. Perfect for modern kitchens and powder rooms, this tile brings fresh energy to residential and light commercial spaces. Whether used in grid formations or offset patterns, it delivers contemporary style with the practical benefits of easy-to-clean ceramic surfaces that maintain their luminous finish over time.",,InStock,47.29,USD,https://floorscenter.com/cdn/shop/files/DECMARBLS255G-SRC.jpg?v=1702216514&width=1024,https://floorscenter.com/cdn/shop/files/DECMARBLS255G-SRC.jpg?v=1702216514&width=1024,,,,,https://floorscenter.com/products/bedrosians-marin-2-5-x-5-gloss-ceramic-wall-tile,/products/bedrosians-marin-2-5-x-5-gloss-ceramic-wall-tile#product,2026-08-19T19:40:23.301424+00:00
Bedrosians,"Pebble Gray / 2.5"" x 5""",DECMARPEG255G,,,"Bedrosians Marin 2.5"" x 5"" Glossy Ceramic Wall Tile offers creative possibilities with its rectangular proportions in a high-Glossy ceramic finish. These tiles create dynamic patterns perfect for adding visual interest to backsplashes and bathroom walls. The Glossy surface reflects light beautifully while the durable ceramic construction ensures long-lasting performance. The 2.5"" x 5"" size allows for creative layouts that break from traditional subway tile patterns. Perfect for modern kitchens and powder rooms, this tile brings fresh energy to residential and light commercial spaces. Whether used in grid formations or offset patterns, it delivers contemporary style with the practical benefits of easy-to-clean ceramic surfaces that maintain their luminous finish over time.",,InStock,47.29,USD,https://floorscenter.com/cdn/shop/files/DECMARBLS255G-SRC.jpg?v=1702216514&width=1024,https://floorscenter.com/cdn/shop/files/DECMARBLS255G-SRC.jpg?v=1702216514&width=1024,,,,,https://floorscenter.com/products/bedrosians-marin-2-5-x-5-gloss-ceramic-wall-tile,/products/bedrosians-marin-2-5-x-5-gloss-ceramic-wall-tile#product,2026-08-19T19:40:23.301424+00:00
Bedrosians,"Sand Dollar / 2.5"" x 5""",DECMARSAD255G,,,"Bedrosians Marin 2.5"" x 5"" Glossy Ceramic Wall Tile offers creative possibilities with its rectangular proportions in a high-Glossy ceramic finish. These tiles create dynamic patterns perfect for adding visual interest to backsplashes and bathroom walls. The Glossy surface reflects light beautifully while the durable ceramic construction ensures long-lasting performance. The 2.5"" x 5"" size allows for creative layouts that break from traditional subway tile patterns. Perfect for modern kitchens and powder rooms, this tile brings fresh energy to residential and light commercial spaces. Whether used in grid formations or offset patterns, it delivers contemporary style with the practical benefits of easy-to-clean ceramic surfaces that maintain their luminous finish over time.",,InStock,47.29,USD,https://floorscenter.com/cdn/shop/files/DECMARBLS255G-SRC.jpg?v=1702216514&width=1024,https://floorscenter.com/cdn/shop/files/DECMARBLS255G-SRC.jpg?v=1702216514&width=1024,,,,,https://floorscenter.com/products/bedrosians-marin-2-5-x-5-gloss-ceramic-wall-tile,/products/bedrosians-marin-2-5-x-5-gloss-ceramic-wall-tile#product,2026-08-19T19:40:23.301424+00:00
Bedrosians,"Aloe Green / 2.5"" x 5""",DECMARALG255G,,,"Bedrosians Marin 2.5"" x 5"" Glossy Ceramic Wall Tile offers creative possibilities with its rectangular proportions in a high-Glossy ceramic finish. These tiles create dynamic patterns perfect for adding visual interest to backsplashes and bathroom walls. The Glossy surface reflects light beautifully while the durable ceramic construction ensures long-lasting performance. The 2.5"" x 5"" size allows for creative layouts that break from traditional subway tile patterns. Perfect for modern kitchens and powder rooms, this tile brings fresh energy to residential and light commercial spaces. Whether used in grid formations or offset patterns, it delivers contemporary style with the practical benefits of easy-to-clean ceramic surfaces that maintain their luminous finish over time.",,InStock,47.29,USD,https://floorscenter.com/cdn/shop/files/DECMARBLS255G-SRC.jpg?v=1702216514&width=1024,https://floorscenter.com/cdn/shop/files/DECMARBLS255G-SRC.jpg?v=1702216514&width=1024,,,,,https://floorscenter.com/products/bedrosians-marin-2-5-x-5-gloss-ceramic-wall-tile,/products/bedrosians-marin-2-5-x-5-gloss-ceramic-wall-tile#product,2026-08-19T19:40:23.301424+00:00
Bedrosians,"Misty Blue / 2.5"" x 5""",DECMARMIB255G,,,"Bedrosians Marin 2.5"" x 5"" Glossy Ceramic Wall Tile offers creative possibilities with its rectangular proportions in a high-Glossy ceramic finish. These tiles create dynamic patterns perfect for adding visual interest to backsplashes and bathroom walls. The Glossy surface reflects light beautifully while the durable ceramic construction ensures long-lasting performance. The 2.5"" x 5"" size allows for creative layouts that break from traditional subway tile patterns. Perfect for modern kitchens and powder rooms, this tile brings fresh energy to residential and light commercial spaces. Whether used in grid formations or offset patterns, it delivers contemporary style with the practical benefits of easy-to-clean ceramic surfaces that maintain their luminous finish over time.",,InStock,47.29,USD,https://floorscenter.com/cdn/shop/files/DECMARBLS255G-SRC.jpg?v=1702216514&width=1024,https://floorscenter.com/cdn/shop/files/DECMARBLS255G-SRC.jpg?v=1702216514&width=1024,,,,,https://floorscenter.com/products/bedrosians-marin-2-5-x-5-gloss-ceramic-wall-tile,/products/bedrosians-marin-2-5-x-5-gloss-ceramic-wall-tile#product,2026-08-19T19:40:23.301424+00:00
Bedrosians,"Ocean Teal / 2.5"" x 5""",DECMAROCT255G,,,"Bedrosians Marin 2.5"" x 5"" Glossy Ceramic Wall Tile offers creative possibilities with its rectangular proportions in a high-Glossy ceramic finish. These tiles create dynamic patterns perfect for adding visual interest to backsplashes and bathroom walls. The Glossy surface reflects light beautifully while the durable ceramic construction ensures long-lasting performance. The 2.5"" x 5"" size allows for creative layouts that break from traditional subway tile patterns. Perfect for modern kitchens and powder rooms, this tile brings fresh energy to residential and light commercial spaces. Whether used in grid formations or offset patterns, it delivers contemporary style with the practical benefits of easy-to-clean ceramic surfaces that maintain their luminous finish over time.",,InStock,47.29,USD,https://floorscenter.com/cdn/shop/files/DECMARBLS255G-SRC.jpg?v=1702216514&width=1024,https://floorscenter.com/cdn/shop/files/DECMARBLS255G-SRC.jpg?v=1702216514&width=1024,,,,,https://floorscenter.com/products/bedrosians-marin-2-5-x-5-gloss-ceramic-wall-tile,/products/bedrosians-marin-2-5-x-5-gloss-ceramic-wall-tile#product,2026-08-19T19:40:23.301424+00:00
Bedrosians,"Pearl White / 2.5"" x 5""",DECMARPEW255G,,,"Bedrosians Marin 2.5"" x 5"" Glossy Ceramic Wall Tile offers creative possibilities with its rectangular proportions in a high-Glossy ceramic finish. These tiles create dynamic patterns perfect for adding visual interest to backsplashes and bathroom walls. The Glossy surface reflects light beautifully while the durable ceramic construction ensures long-lasting performance. The 2.5"" x 5"" size allows for creative layouts that break from traditional subway tile patterns. Perfect for modern kitchens and powder rooms, this tile brings fresh energy to residential and light commercial spaces. Whether used in grid formations or offset patterns, it delivers contemporary style with the practical benefits of easy-to-clean ceramic surfaces that maintain their luminous finish over time.",,InStock,47.29,USD,https://floorscenter.com/cdn/shop/files/DECMARBLS255G-SRC.jpg?v=1702216514&width=1024,https://floorscenter.com/cdn/shop/files/DECMARBLS255G-SRC.jpg?v=1702216514&width=1024,,,,,https://floorscenter.com/products/bedrosians-marin-2-5-x-5-gloss-ceramic-wall-tile,/products/bedrosians-marin-2-5-x-5-gloss-ceramic-wall-tile#product,2026-08-19T19:40:23.301424+00:00
,Bedrosians Marin 2.5&quot; x 5&quot; Glossy Ceramic Wall Tile,47643856339246,,,Bedrosians Marin 2.5&quot; x 5&quot; Glossy Ceramic Wall Tile offers creative possibilities with its rectangular proportions in a high-Glossy ceramic finish. These tiles create dynamic patterns perfect for adding visual interest to backsplashes and bathroom...,,InStock,47.29,USD,https://floorscenter.com//floorscenter.com/cdn/shop/files/DECMARBLS255G-SRC_800x.jpg?v=1702216514,https://floorscenter.com//floorscenter.com/cdn/shop/files/DECMARBLS255G-SRC_800x.jpg?v=1702216514,,,,,https://floorscenter.com/products/bedrosians-marin-2-5-x-5-gloss-ceramic-wall-tile,/products/bedrosians-marin-2-5-x-5-gloss-ceramic-wall-tile#product,2026-08-19T19:40:23.301424+00:00
Kronoswiss,"Snow / 9.5"" x 79.75""",LF-KROORISNO,,,"Kronoswiss Origin 9.5"" x 79.75"" Laminate Plank offers exceptional style and durability with its extra-long and wide dimensions that create an expansive, high-end look. Inspired by the natural beauty of real wood, each plank features authentic texture and rich color variations for a true-to-nature appearance. This laminate flooring is built to withstand heavy foot traffic, scratches, and spills, making it a practical choice for any room. Kronoswiss Origin is easy to install with its user-friendly locking system and maintains its beauty with little effort. Its resilient core and stunning design make it an ideal flooring upgrade for modern homes.",,InStock,68.95,USD,https://floorscenter.com/cdn/shop/files/Kronosiwss_Origin_9.5_x_79.75_Laminate_Plank_Roomscene1.jpg?v=1762197235&width=1024,https://floorscenter.com/cdn/shop/files/Kronosiwss_Origin_9.5_x_79.75_Laminate_Plank_Roomscene1.jpg?v=1762197235&width=1024,,,,,https://floorscenter.com/products/kronoswiss-origin-9-5-x-79-75,/products/kronoswiss-origin-9-5-x-79-75#product,2026-08-19T19:40:23.301424+00:00
Kronoswiss,"Beach / 9.5"" x 79.75""",LF-KROORIBEA,,,"Kronoswiss Origin 9.5"" x 79.75"" Laminate Plank offers exceptional style and durability with its extra-long and wide dimensions that create an expansive, high-end look. Inspired by the natural beauty of real wood, each plank features authentic texture and rich color variations for a true-to-nature appearance. This laminate flooring is built to withstand heavy foot traffic, scratches, and spills, making it a practical choice for any room. Kronoswiss Origin is easy to install with its user-friendly locking system and maintains its beauty with little effort. Its resilient core and stunning design make it an ideal flooring upgrade for modern homes.",,InStock,68.95,USD,https://floorscenter.com/cdn/shop/files/Kronosiwss_Origin_9.5_x_79.75_Laminate_Plank_Roomscene1.jpg?v=1762197235&width=1024,https://floorscenter.com/cdn/shop/files/Kronosiwss_Origin_9.5_x_79.75_Laminate_Plank_Roomscene1.jpg?v=1762197235&width=1024,,,,,https://floorscenter.com/products/kronoswiss-origin-9-5-x-79-75,/products/kronoswiss-origin-9-5-x-79-75#product,2026-08-19T19:40:23.301424+00:00
Kronoswiss,"Moon / 9.5"" x 79.75""",LF-KROORIMOO,,,"Kronoswiss Origin 9.5"" x 79.75"" Laminate Plank offers exceptional style and durability with its extra-long and wide dimensions that create an expansive, high-end look. Inspired by the natural beauty of real wood, each plank features authentic texture and rich color variations for a true-to-nature appearance. This laminate flooring is built to withstand heavy foot traffic, scratches, and spills, making it a practical choice for any room. Kronoswiss Origin is easy to install with its user-friendly locking system and maintains its beauty with little effort. Its resilient core and stunning design make it an ideal flooring upgrade for modern homes.",,InStock,68.95,USD,https://floorscenter.com/cdn/shop/files/Kronosiwss_Origin_9.5_x_79.75_Laminate_Plank_Roomscene1.jpg?v=1762197235&width=1024,https://floorscenter.com/cdn/shop/files/Kronosiwss_Origin_9.5_x_79.75_Laminate_Plank_Roomscene1.jpg?v=1762197235&width=1024,,,,,https://floorscenter.com/products/kronoswiss-origin-9-5-x-79-75,/products/kronoswiss-origin-9-5-x-79-75#product,2026-08-19T19:40:23.301424+00:00
Kronoswiss,"Rock / 9.5"" x 79.75""",LF-KROORIROC,,,"Kronoswiss Origin 9.5"" x 79.75"" Laminate Plank offers exceptional style and durability with its extra-long and wide dimensions that create an expansive, high-end look. Inspired by the natural beauty of real wood, each plank features authentic texture and rich color variations for a true-to-nature appearance. This laminate flooring is built to withstand heavy foot traffic, scratches, and spills, making it a practical choice for any room. Kronoswiss Origin is easy to install with its user-friendly locking system and maintains its beauty with little effort. Its resilient core and stunning design make it an ideal flooring upgrade for modern homes.",,InStock,68.95,USD,https://floorscenter.com/cdn/shop/files/Kronosiwss_Origin_9.5_x_79.75_Laminate_Plank_Roomscene1.jpg?v=1762197235&width=1024,https://floorscenter.com/cdn/shop/files/Kronosiwss_Origin_9.5_x_79.75_Laminate_Plank_Roomscene1.jpg?v=1762197235&width=1024,,,,,https://floorscenter.com/products/kronoswiss-origin-9-5-x-79-75,/products/kronoswiss-origin-9-5-x-79-75#product,2026-08-19T19:40:23.301424+00:00
Kronoswiss,"Sunshine / 9.5"" x 79.75""",LF-KROORISUN,,,"Kronoswiss Origin 9.5"" x 79.75"" Laminate Plank offers exceptional style and durability with its extra-long and wide dimensions that create an expansive, high-end look. Inspired by the natural beauty of real wood, each plank features authentic texture and rich color variations for a true-to-nature appearance. This laminate flooring is built to withstand heavy foot traffic, scratches, and spills, making it a practical choice for any room. Kronoswiss Origin is easy to install with its user-friendly locking system and maintains its beauty with little effort. Its resilient core and stunning design make it an ideal flooring upgrade for modern homes.",,InStock,68.95,USD,https://floorscenter.com/cdn/shop/files/Kronosiwss_Origin_9.5_x_79.75_Laminate_Plank_Roomscene1.jpg?v=1762197235&width=1024,https://floorscenter.com/cdn/shop/files/Kronosiwss_Origin_9.5_x_79.75_Laminate_Plank_Roomscene1.jpg?v=1762197235&width=1024,,,,,https://floorscenter.com/products/kronoswiss-origin-9-5-x-79-75,/products/kronoswiss-origin-9-5-x-79-75#product,2026-08-19T19:40:23.301424+00:00
Kronoswiss,"Terra / 9.5"" x 79.75""",LF-KROORITER,,,"Kronoswiss Origin 9.5"" x 79.75"" Laminate Plank offers exceptional style and durability with its extra-long and wide dimensions that create an expansive, high-end look. Inspired by the natural beauty of real wood, each plank features authentic texture and rich color variations for a true-to-nature appearance. This laminate flooring is built to withstand heavy foot traffic, scratches, and spills, making it a practical choice for any room. Kronoswiss Origin is easy to install with its user-friendly locking system and maintains its beauty with little effort. Its resilient core and stunning design make it an ideal flooring upgrade for modern homes.",,InStock,68.95,USD,https://floorscenter.com/cdn/shop/files/Kronosiwss_Origin_9.5_x_79.75_Laminate_Plank_Roomscene1.jpg?v=1762197235&width=1024,https://floorscenter.com/cdn/shop/files/Kronosiwss_Origin_9.5_x_79.75_Laminate_Plank_Roomscene1.jpg?v=1762197235&width=1024,,,,,https://floorscenter.com/products/kronoswiss-origin-9-5-x-79-75,/products/kronoswiss-origin-9-5-x-79-75#product,2026-08-19T19:40:23.301424+00:00
Kronoswiss,"Volcano / 9.5"" x 79.75""",LF-KROORIVOL,,,"Kronoswiss Origin 9.5"" x 79.75"" Laminate Plank offers exceptional style and durability with its extra-long and wide dimensions that create an expansive, high-end look. Inspired by the natural beauty of real wood, each plank features authentic texture and rich color variations for a true-to-nature appearance. This laminate flooring is built to withstand heavy foot traffic, scratches, and spills, making it a practical choice for any room. Kronoswiss Origin is easy to install with its user-friendly locking system and maintains its beauty with little effort. Its resilient core and stunning design make it an ideal flooring upgrade for modern homes.",,InStock,68.95,USD,https://floorscenter.com/cdn/shop/files/Kronosiwss_Origin_9.5_x_79.75_Laminate_Plank_Roomscene1.jpg?v=1762197235&width=1024,https://floorscenter.com/cdn/shop/files/Kronosiwss_Origin_9.5_x_79.75_Laminate_Plank_Roomscene1.jpg?v=1762197235&width=1024,,,,,https://floorscenter.com/products/kronoswiss-origin-9-5-x-79-75,/products/kronoswiss-origin-9-5-x-79-75#product,2026-08-19T19:40:23.301424+00:00
Kronoswiss,"Dune / 9.5"" x 79.75""",LF-KROORIDUN,,,"Kronoswiss Origin 9.5"" x 79.75"" Laminate Plank offers exceptional style and durability with its extra-long and wide dimensions that create an expansive, high-end look. Inspired by the natural beauty of real wood, each plank features authentic texture and rich color variations for a true-to-nature appearance. This laminate flooring is built to withstand heavy foot traffic, scratches, and spills, making it a practical choice for any room. Kronoswiss Origin is easy to install with its user-friendly locking system and maintains its beauty with little effort. Its resilient core and stunning design make it an ideal flooring upgrade for modern homes.",,InStock,68.95,USD,https://floorscenter.com/cdn/shop/files/Kronosiwss_Origin_9.5_x_79.75_Laminate_Plank_Roomscene1.jpg?v=1762197235&width=1024,https://floorscenter.com/cdn/shop/files/Kronosiwss_Origin_9.5_x_79.75_Laminate_Plank_Roomscene1.jpg?v=1762197235&width=1024,,,,,https://floorscenter.com/products/kronoswiss-origin-9-5-x-79-75,/products/kronoswiss-origin-9-5-x-79-75#product,2026-08-19T19:40:23.301424+00:00
Kronoswiss,"Forest / 9.5"" x 79.75""",LF-KROORIFOR,,,"Kronoswiss Origin 9.5"" x 79.75"" Laminate Plank offers exceptional style and durability with its extra-long and wide dimensions that create an expansive, high-end look. Inspired by the natural beauty of real wood, each plank features authentic texture and rich color variations for a true-to-nature appearance. This laminate flooring is built to withstand heavy foot traffic, scratches, and spills, making it a practical choice for any room. Kronoswiss Origin is easy to install with its user-friendly locking system and maintains its beauty with little effort. Its resilient core and stunning design make it an ideal flooring upgrade for modern homes.",,InStock,68.95,USD,https://floorscenter.com/cdn/shop/files/Kronosiwss_Origin_9.5_x_79.75_Laminate_Plank_Roomscene1.jpg?v=1762197235&width=1024,https://floorscenter.com/cdn/shop/files/Kronosiwss_Origin_9.5_x_79.75_Laminate_Plank_Roomscene1.jpg?v=1762197235&width=1024,,,,,https://floorscenter.com/products/kronoswiss-origin-9-5-x-79-75,/products/kronoswiss-origin-9-5-x-79-75#product,2026-08-19T19:40:23.301424+00:00
,Kronoswiss Origin 9.5&quot; x 79.75&quot; Laminate Plank,47308747768110,,,"Kronoswiss Origin 9.5&quot; x 79.75&quot; Laminate Plank offers exceptional style and durability with its extra-long and wide dimensions that create an expansive, high-end look. Inspired by the natural beauty of real wood, each plank features authentic text...",,InStock,68.95,USD,https://floorscenter.com//floorscenter.com/cdn/shop/files/Kronosiwss_Origin_9.5_x_79.75_Laminate_Plank_Roomscene1_800x.jpg?v=1762197235,https://floorscenter.com//floorscenter.com/cdn/shop/files/Kronosiwss_Origin_9.5_x_79.75_Laminate_Plank_Roomscene1_800x.jpg?v=1762197235,,,,,https://floorscenter.com/products/kronoswiss-origin-9-5-x-79-75,/products/kronoswiss-origin-9-5-x-79-75#product,2026-08-19T19:40:23.301424+00:00
Kronoswiss,"Bright / 9.6"" x 72.6""",LF-KROAUTBRI,,,"Kronoswiss Authentic 9.6"" x 72.6"" Laminate Plank delivers a bold and natural wood aesthetic with extra-wide and long planks designed for modern interiors. This high-performance laminate flooring features synchronized texture for a realistic wood grain finish and a robust surface that resists scratches, stains, and wear. Ideal for both residential and commercial spaces, it combines stunning visuals with exceptional durability. Its easy click-lock installation system ensures a hassle-free setup, while its water-resistant core enhances long-lasting performance. Kronoswiss Authentic laminate is a perfect choice for homeowners seeking a stylish, low-maintenance flooring solution that replicates the look and feel of natural hardwood.",,InStock,62.81,USD,https://floorscenter.com/cdn/shop/files/Kronosiwss_Authentic_9.6_x_72.6_Roomscene1.jpg?v=1762198242&width=1024,https://floorscenter.com/cdn/shop/files/Kronosiwss_Authentic_9.6_x_72.6_Roomscene1.jpg?v=1762198242&width=1024,,,,,https://floorscenter.com/products/kronoswiss-authentic-9-6-x-72-6,/products/kronoswiss-authentic-9-6-x-72-6#product,2026-08-19T19:40:23.301424+00:00
Kronoswiss,"Natural / 9.6"" x 72.6""",LF-KROAUTNAT,,,"Kronoswiss Authentic 9.6"" x 72.6"" Laminate Plank delivers a bold and natural wood aesthetic with extra-wide and long planks designed for modern interiors. This high-performance laminate flooring features synchronized texture for a realistic wood grain finish and a robust surface that resists scratches, stains, and wear. Ideal for both residential and commercial spaces, it combines stunning visuals with exceptional durability. Its easy click-lock installation system ensures a hassle-free setup, while its water-resistant core enhances long-lasting performance. Kronoswiss Authentic laminate is a perfect choice for homeowners seeking a stylish, low-maintenance flooring solution that replicates the look and feel of natural hardwood.",,InStock,62.81,USD,https://floorscenter.com/cdn/shop/files/Kronosiwss_Authentic_9.6_x_72.6_Roomscene1.jpg?v=1762198242&width=1024,https://floorscenter.com/cdn/shop/files/Kronosiwss_Authentic_9.6_x_72.6_Roomscene1.jpg?v=1762198242&width=1024,,,,,https://floorscenter.com/products/kronoswiss-authentic-9-6-x-72-6,/products/kronoswiss-authentic-9-6-x-72-6#product,2026-08-19T19:40:23.301424+00:00
Kronoswiss,"Raw / 9.6"" x 72.6""",LF-KROAUTRAW,,,"Kronoswiss Authentic 9.6"" x 72.6"" Laminate Plank delivers a bold and natural wood aesthetic with extra-wide and long planks designed for modern interiors. This high-performance laminate flooring features synchronized texture for a realistic wood grain finish and a robust surface that resists scratches, stains, and wear. Ideal for both residential and commercial spaces, it combines stunning visuals with exceptional durability. Its easy click-lock installation system ensures a hassle-free setup, while its water-resistant core enhances long-lasting performance. Kronoswiss Authentic laminate is a perfect choice for homeowners seeking a stylish, low-maintenance flooring solution that replicates the look and feel of natural hardwood.",,InStock,62.81,USD,https://floorscenter.com/cdn/shop/files/Kronosiwss_Authentic_9.6_x_72.6_Roomscene1.jpg?v=1762198242&width=1024,https://floorscenter.com/cdn/shop/files/Kronosiwss_Authentic_9.6_x_72.6_Roomscene1.jpg?v=1762198242&width=1024,,,,,https://floorscenter.com/products/kronoswiss-authentic-9-6-x-72-6,/products/kronoswiss-authentic-9-6-x-72-6#product,2026-08-19T19:40:23.301424+00:00
Kronoswiss,"Sunny / 9.6"" x 72.6""",LF-KROAUTSUN,,,"Kronoswiss Authentic 9.6"" x 72.6"" Laminate Plank delivers a bold and natural wood aesthetic with extra-wide and long planks designed for modern interiors. This high-performance laminate flooring features synchronized texture for a realistic wood grain finish and a robust surface that resists scratches, stains, and wear. Ideal for both residential and commercial spaces, it combines stunning visuals with exceptional durability. Its easy click-lock installation system ensures a hassle-free setup, while its water-resistant core enhances long-lasting performance. Kronoswiss Authentic laminate is a perfect choice for homeowners seeking a stylish, low-maintenance flooring solution that replicates the look and feel of natural hardwood.",,InStock,62.81,USD,https://floorscenter.com/cdn/shop/files/Kronosiwss_Authentic_9.6_x_72.6_Roomscene1.jpg?v=1762198242&width=1024,https://floorscenter.com/cdn/shop/files/Kronosiwss_Authentic_9.6_x_72.6_Roomscene1.jpg?v=1762198242&width=1024,,,,,https://floorscenter.com/products/kronoswiss-authentic-9-6-x-72-6,/products/kronoswiss-authentic-9-6-x-72-6#product,2026-08-19T19:40:23.301424+00:00
,Kronoswiss Authentic 9.6&quot; x 72.6&quot; Laminate Plank,47308744818990,,,Kronoswiss Authentic 9.6&quot; x 72.6&quot; Laminate Plank delivers a bold and natural wood aesthetic with extra-wide and long planks designed for modern interiors. This high-performance laminate flooring features synchronized texture for a realistic wood g...,,InStock,62.81,USD,https://floorscenter.com//floorscenter.com/cdn/shop/files/Kronosiwss_Authentic_9.6_x_72.6_Roomscene1_800x.jpg?v=1762198242,https://floorscenter.com//floorscenter.com/cdn/shop/files/Kronosiwss_Authentic_9.6_x_72.6_Roomscene1_800x.jpg?v=1762198242,,,,,https://floorscenter.com/products/kronoswiss-authentic-9-6-x-72-6,/products/kronoswiss-authentic-9-6-x-72-6#product,2026-08-19T19:40:23.301424+00:00
Bedrosians,"Shoji White / 2.5"" x 10""",DECMAKSHW2510M,,,"Bedrosians Makoto 2.5"" x 10"" Ceramic Wall Tile offers a fresh take on subway tile proportions with its elongated 2.5"" x 10"" format. These ceramic tiles create linear patterns that add subtle movement to bathroom walls and kitchen backsplashes. The durable ceramic construction provides excellent moisture resistance while maintaining an easy-to-clean surface. Perfect for modern and traditional installations alike, this tile brings versatile style to residential and light commercial applications. Whether installed in classic running bond or contemporary stacked layouts, it delivers timeless appeal with a contemporary twist.",,InStock,42.99,USD,https://floorscenter.com/cdn/shop/files/Bedrosians_Makoto_2.5_x_10_Ceramic_Wall_Tile_Roomscene1.jpg?v=1762198850&width=1024,https://floorscenter.com/cdn/shop/files/Bedrosians_Makoto_2.5_x_10_Ceramic_Wall_Tile_Roomscene1.jpg?v=1762198850&width=1024,,,,,https://floorscenter.com/products/bedrosians-makoto-2-5-x-10-ceramic-wall-tile,/products/bedrosians-makoto-2-5-x-10-ceramic-wall-tile#product,2026-08-19T19:40:23.301424+00:00
Bedrosians,"Kumo Grey / 2.5"" x 10""",DECMAKKUG2510M,,,"Bedrosians Makoto 2.5"" x 10"" Ceramic Wall Tile offers a fresh take on subway tile proportions with its elongated 2.5"" x 10"" format. These ceramic tiles create linear patterns that add subtle movement to bathroom walls and kitchen backsplashes. The durable ceramic construction provides excellent moisture resistance while maintaining an easy-to-clean surface. Perfect for modern and traditional installations alike, this tile brings versatile style to residential and light commercial applications. Whether installed in classic running bond or contemporary stacked layouts, it delivers timeless appeal with a contemporary twist.",,InStock,42.99,USD,https://floorscenter.com/cdn/shop/files/Bedrosians_Makoto_2.5_x_10_Ceramic_Wall_Tile_Roomscene1.jpg?v=1762198850&width=1024,https://floorscenter.com/cdn/shop/files/Bedrosians_Makoto_2.5_x_10_Ceramic_Wall_Tile_Roomscene1.jpg?v=1762198850&width=1024,,,,,https://floorscenter.com/products/bedrosians-makoto-2-5-x-10-ceramic-wall-tile,/products/bedrosians-makoto-2-5-x-10-ceramic-wall-tile#product,2026-08-19T19:40:23.301424+00:00
Bedrosians,"Tatami Beige / 2.5"" x 10""",DECMAKTAB2510M,,,"Bedrosians Makoto 2.5"" x 10"" Ceramic Wall Tile offers a fresh take on subway tile proportions with its elongated 2.5"" x 10"" format. These ceramic tiles create linear patterns that add subtle movement to bathroom walls and kitchen backsplashes. The durable ceramic construction provides excellent moisture resistance while maintaining an easy-to-clean surface. Perfect for modern and traditional installations alike, this tile brings versatile style to residential and light commercial applications. Whether installed in classic running bond or contemporary stacked layouts, it delivers timeless appeal with a contemporary twist.",,InStock,42.99,USD,https://floorscenter.com/cdn/shop/files/Bedrosians_Makoto_2.5_x_10_Ceramic_Wall_Tile_Roomscene1.jpg?v=1762198850&width=1024,https://floorscenter.com/cdn/shop/files/Bedrosians_Makoto_2.5_x_10_Ceramic_Wall_Tile_Roomscene1.jpg?v=1762198850&width=1024,,,,,https://floorscenter.com/products/bedrosians-makoto-2-5-x-10-ceramic-wall-tile,/products/bedrosians-makoto-2-5-x-10-ceramic-wall-tile#product,2026-08-19T19:40:23.301424+00:00
Bedrosians,"Kuroi Black / 2.5"" x 10""",DECMAKKUB2510M,,,"Bedrosians Makoto 2.5"" x 10"" Ceramic Wall Tile offers a fresh take on subway tile proportions with its elongated 2.5"" x 10"" format. These ceramic tiles create linear patterns that add subtle movement to bathroom walls and kitchen backsplashes. The durable ceramic construction provides excellent moisture resistance while maintaining an easy-to-clean surface. Perfect for modern and traditional installations alike, this tile brings versatile style to residential and light commercial applications. Whether installed in classic running bond or contemporary stacked layouts, it delivers timeless appeal with a contemporary twist.",,InStock,42.99,USD,https://floorscenter.com/cdn/shop/files/Bedrosians_Makoto_2.5_x_10_Ceramic_Wall_Tile_Roomscene1.jpg?v=1762198850&width=1024,https://floorscenter.com/cdn/shop/files/Bedrosians_Makoto_2.5_x_10_Ceramic_Wall_Tile_Roomscene1.jpg?v=1762198850&width=1024,,,,,https://floorscenter.com/products/bedrosians-makoto-2-5-x-10-ceramic-wall-tile,/products/bedrosians-makoto-2-5-x-10-ceramic-wall-tile#product,2026-08-19T19:40:23.301424+00:00
Bedrosians,"Umi Terracotta / 2.5"" x 10""",DECMAKUMT2510M,,,"Bedrosians Makoto 2.5"" x 10"" Ceramic Wall Tile offers a fresh take on subway tile proportions with its elongated 2.5"" x 10"" format. These ceramic tiles create linear patterns that add subtle movement to bathroom walls and kitchen backsplashes. The durable ceramic construction provides excellent moisture resistance while maintaining an easy-to-clean surface. Perfect for modern and traditional installations alike, this tile brings versatile style to residential and light commercial applications. Whether installed in classic running bond or contemporary stacked layouts, it delivers timeless appeal with a contemporary twist.",,InStock,42.99,USD,https://floorscenter.com/cdn/shop/files/Bedrosians_Makoto_2.5_x_10_Ceramic_Wall_Tile_Roomscene1.jpg?v=1762198850&width=1024,https://floorscenter.com/cdn/shop/files/Bedrosians_Makoto_2.5_x_10_Ceramic_Wall_Tile_Roomscene1.jpg?v=1762198850&width=1024,,,,,https://floorscenter.com/products/bedrosians-makoto-2-5-x-10-ceramic-wall-tile,/products/bedrosians-makoto-2-5-x-10-ceramic-wall-tile#product,2026-08-19T19:40:23.301424+00:00
Bedrosians,"Arashi Blue / 2.5"" x 10""",DECMAKARB2510M,,,"Bedrosians Makoto 2.5"" x 10"" Ceramic Wall Tile offers a fresh take on subway tile proportions with its elongated 2.5"" x 10"" format. These ceramic tiles create linear patterns that add subtle movement to bathroom walls and kitchen backsplashes. The durable ceramic construction provides excellent moisture resistance while maintaining an easy-to-clean surface. Perfect for modern and traditional installations alike, this tile brings versatile style to residential and light commercial applications. Whether installed in classic running bond or contemporary stacked layouts, it delivers timeless appeal with a contemporary twist.",,InStock,42.99,USD,https://floorscenter.com/cdn/shop/files/Bedrosians_Makoto_2.5_x_10_Ceramic_Wall_Tile_Roomscene1.jpg?v=1762198850&width=1024,https://floorscenter.com/cdn/shop/files/Bedrosians_Makoto_2.5_x_10_Ceramic_Wall_Tile_Roomscene1.jpg?v=1762198850&width=1024,,,,,https://floorscenter.com/products/bedrosians-makoto-2-5-x-10-ceramic-wall-tile,/products/bedrosians-makoto-2-5-x-10-ceramic-wall-tile#product,2026-08-19T19:40:23.301424+00:00
Bedrosians,"Midori Green / 2.5"" x 10""",DECMAKMIG2510M,,,"Bedrosians Makoto 2.5"" x 10"" Ceramic Wall Tile offers a fresh take on subway tile proportions with its elongated 2.5"" x 10"" format. These ceramic tiles create linear patterns that add subtle movement to bathroom walls and kitchen backsplashes. The durable ceramic construction provides excellent moisture resistance while maintaining an easy-to-clean surface. Perfect for modern and traditional installations alike, this tile brings versatile style to residential and light commercial applications. Whether installed in classic running bond or contemporary stacked layouts, it delivers timeless appeal with a contemporary twist.",,InStock,42.99,USD,https://floorscenter.com/cdn/shop/files/Bedrosians_Makoto_2.5_x_10_Ceramic_Wall_Tile_Roomscene1.jpg?v=1762198850&width=1024,https://floorscenter.com/cdn/shop/files/Bedrosians_Makoto_2.5_x_10_Ceramic_Wall_Tile_Roomscene1.jpg?v=1762198850&width=1024,,,,,https://floorscenter.com/products/bedrosians-makoto-2-5-x-10-ceramic-wall-tile,/products/bedrosians-makoto-2-5-x-10-ceramic-wall-tile#product,2026-08-19T19:40:23.301424+00:00
Bedrosians,"Momoiro Blush / 2.5"" x 10""",DECMAKMOB2510M,,,"Bedrosians Makoto 2.5"" x 10"" Ceramic Wall Tile offers a fresh take on subway tile proportions with its elongated 2.5"" x 10"" format. These ceramic tiles create linear patterns that add subtle movement to bathroom walls and kitchen backsplashes. The durable ceramic construction provides excellent moisture resistance while maintaining an easy-to-clean surface. Perfect for modern and traditional installations alike, this tile brings versatile style to residential and light commercial applications. Whether installed in classic running bond or contemporary stacked layouts, it delivers timeless appeal with a contemporary twist.",,InStock,42.99,USD,https://floorscenter.com/cdn/shop/files/Bedrosians_Makoto_2.5_x_10_Ceramic_Wall_Tile_Roomscene1.jpg?v=1762198850&width=1024,https://floorscenter.com/cdn/shop/files/Bedrosians_Makoto_2.5_x_10_Ceramic_Wall_Tile_Roomscene1.jpg?v=1762198850&width=1024,,,,,https://floorscenter.com/products/bedrosians-makoto-2-5-x-10-ceramic-wall-tile,/products/bedrosians-makoto-2-5-x-10-ceramic-wall-tile#product,2026-08-19T19:40:23.301424+00:00
,Bedrosians Makoto 2.5&quot; x 10&quot; Ceramic Wall Tile,47137363853614,,,Bedrosians Makoto 2.5&quot; x 10&quot; Ceramic Wall Tile offers a fresh take on subway tile proportions with its elongated 2.5&quot; x 10&quot; format. These ceramic tiles create linear patterns that add subtle movement to bathroom walls and kitchen backsplashes. The...,,InStock,42.99,USD,https://floorscenter.com//floorscenter.com/cdn/shop/files/Bedrosians_Makoto_2.5_x_10_Ceramic_Wall_Tile_Roomscene1_800x.jpg?v=1762198850,https://floorscenter.com//floorscenter.com/cdn/shop/files/Bedrosians_Makoto_2.5_x_10_Ceramic_Wall_Tile_Roomscene1_800x.jpg?v=1762198850,,,,,https://floorscenter.com/products/bedrosians-makoto-2-5-x-10-ceramic-wall-tile,/products/bedrosians-makoto-2-5-x-10-ceramic-wall-tile#product,2026-08-19T19:40:23.301424+00:00
Happy Feet International,"Vancouver / 7"" x 48""",HF1660,,,"Happy Feet International Urban Design Click 7"" x 48"" SPC Vinyl Plank 20 mil is designed for hassle-free installation with a sturdy SPC core and click-lock mechanism. Its 20 mil wear layer offers great resistance to scratches, moisture, and wear. With the appearance of genuine wood and the toughness of SPC, this plank is perfect for any room. Happy Feet International’s Click series brings convenience and quality together.",,InStock,73.48,USD,https://floorscenter.com/cdn/shop/files/Happy_Feet_International_Urban_Design_Click_7_x_48_Vinyl_Plank_Roomscene1.jpg?v=1762198468&width=1024,https://floorscenter.com/cdn/shop/files/Happy_Feet_International_Urban_Design_Click_7_x_48_Vinyl_Plank_Roomscene1.jpg?v=1762198468&width=1024,,,,,https://floorscenter.com/products/happy-feet-international-urban-design-click-7-x-48-vinyl-plank,/products/happy-feet-international-urban-design-click-7-x-48-vinyl-plank#product,2026-08-19T19:40:23.301424+00:00
Happy Feet International,"Paris / 7"" x 48""",HF1661,,,"Happy Feet International Urban Design Click 7"" x 48"" SPC Vinyl Plank 20 mil is designed for hassle-free installation with a sturdy SPC core and click-lock mechanism. Its 20 mil wear layer offers great resistance to scratches, moisture, and wear. With the appearance of genuine wood and the toughness of SPC, this plank is perfect for any room. Happy Feet International’s Click series brings convenience and quality together.",,InStock,73.48,USD,https://floorscenter.com/cdn/shop/files/Happy_Feet_International_Urban_Design_Click_7_x_48_Vinyl_Plank_Roomscene1.jpg?v=1762198468&width=1024,https://floorscenter.com/cdn/shop/files/Happy_Feet_International_Urban_Design_Click_7_x_48_Vinyl_Plank_Roomscene1.jpg?v=1762198468&width=1024,,,,,https://floorscenter.com/products/happy-feet-international-urban-design-click-7-x-48-vinyl-plank,/products/happy-feet-international-urban-design-click-7-x-48-vinyl-plank#product,2026-08-19T19:40:23.301424+00:00
Happy Feet International,"Sydney / 7"" x 48""",HF1662,,,"Happy Feet International Urban Design Click 7"" x 48"" SPC Vinyl Plank 20 mil is designed for hassle-free installation with a sturdy SPC core and click-lock mechanism. Its 20 mil wear layer offers great resistance to scratches, moisture, and wear. With the appearance of genuine wood and the toughness of SPC, this plank is perfect for any room. Happy Feet International’s Click series brings convenience and quality together.",,InStock,73.48,USD,https://floorscenter.com/cdn/shop/files/Happy_Feet_International_Urban_Design_Click_7_x_48_Vinyl_Plank_Roomscene1.jpg?v=1762198468&width=1024,https://floorscenter.com/cdn/shop/files/Happy_Feet_International_Urban_Design_Click_7_x_48_Vinyl_Plank_Roomscene1.jpg?v=1762198468&width=1024,,,,,https://floorscenter.com/products/happy-feet-international-urban-design-click-7-x-48-vinyl-plank,/products/happy-feet-international-urban-design-click-7-x-48-vinyl-plank#product,2026-08-19T19:40:23.301424+00:00
Happy Feet International,"Dubai / 7"" x 48""",HF1663,,,"Happy Feet International Urban Design Click 7"" x 48"" SPC Vinyl Plank 20 mil is designed for hassle-free installation with a sturdy SPC core and click-lock mechanism. Its 20 mil wear layer offers great resistance to scratches, moisture, and wear. With the appearance of genuine wood and the toughness of SPC, this plank is perfect for any room. Happy Feet International’s Click series brings convenience and quality together.",,InStock,73.48,USD,https://floorscenter.com/cdn/shop/files/Happy_Feet_International_Urban_Design_Click_7_x_48_Vinyl_Plank_Roomscene1.jpg?v=1762198468&width=1024,https://floorscenter.com/cdn/shop/files/Happy_Feet_International_Urban_Design_Click_7_x_48_Vinyl_Plank_Roomscene1.jpg?v=1762198468&width=1024,,,,,https://floorscenter.com/products/happy-feet-international-urban-design-click-7-x-48-vinyl-plank,/products/happy-feet-international-urban-design-click-7-x-48-vinyl-plank#product,2026-08-19T19:40:23.301424+00:00
Happy Feet International,"Del Mar / 7"" x 48""",HF1664,,,"Happy Feet International Urban Design Click 7"" x 48"" SPC Vinyl Plank 20 mil is designed for hassle-free installation with a sturdy SPC core and click-lock mechanism. Its 20 mil wear layer offers great resistance to scratches, moisture, and wear. With the appearance of genuine wood and the toughness of SPC, this plank is perfect for any room. Happy Feet International’s Click series brings convenience and quality together.",,InStock,73.48,USD,https://floorscenter.com/cdn/shop/files/Happy_Feet_International_Urban_Design_Click_7_x_48_Vinyl_Plank_Roomscene1.jpg?v=1762198468&width=1024,https://floorscenter.com/cdn/shop/files/Happy_Feet_International_Urban_Design_Click_7_x_48_Vinyl_Plank_Roomscene1.jpg?v=1762198468&width=1024,,,,,https://floorscenter.com/products/happy-feet-international-urban-design-click-7-x-48-vinyl-plank,/products/happy-feet-international-urban-design-click-7-x-48-vinyl-plank#product,2026-08-19T19:40:23.301424+00:00
Happy Feet International,"Tokyo / 7"" x 48""",HF1665,,,"Happy Feet International Urban Design Click 7"" x 48"" SPC Vinyl Plank 20 mil is designed for hassle-free installation with a sturdy SPC core and click-lock mechanism. Its 20 mil wear layer offers great resistance to scratches, moisture, and wear. With the appearance of genuine wood and the toughness of SPC, this plank is perfect for any room. Happy Feet International’s Click series brings convenience and quality together.",,InStock,73.48,USD,https://floorscenter.com/cdn/shop/files/Happy_Feet_International_Urban_Design_Click_7_x_48_Vinyl_Plank_Roomscene1.jpg?v=1762198468&width=1024,https://floorscenter.com/cdn/shop/files/Happy_Feet_International_Urban_Design_Click_7_x_48_Vinyl_Plank_Roomscene1.jpg?v=1762198468&width=1024,,,,,https://floorscenter.com/products/happy-feet-international-urban-design-click-7-x-48-vinyl-plank,/products/happy-feet-international-urban-design-click-7-x-48-vinyl-plank#product,2026-08-19T19:40:23.301424+00:00
,Happy Feet International Urban Design Click 7&quot; x 48&quot; SPC Vinyl Plank 20 mil,46939922301230,,,"Happy Feet International Urban Design Click 7&quot; x 48&quot; SPC Vinyl Plank 20 mil is designed for hassle-free installation with a sturdy SPC core and click-lock mechanism. Its 20 mil wear layer offers great resistance to scratches, moisture, and wear. W...",,InStock,73.48,USD,https://floorscenter.com//floorscenter.com/cdn/shop/files/Happy_Feet_International_Urban_Design_Click_7_x_48_Vinyl_Plank_Roomscene1_800x.jpg?v=1762198468,https://floorscenter.com//floorscenter.com/cdn/shop/files/Happy_Feet_International_Urban_Design_Click_7_x_48_Vinyl_Plank_Roomscene1_800x.jpg?v=1762198468,,,,,https://floorscenter.com/products/happy-feet-international-urban-design-click-7-x-48-vinyl-plank,/products/happy-feet-international-urban-design-click-7-x-48-vinyl-plank#product,2026-08-19T19:40:23.301424+00:00
Daltile,"Mural Taupe / 17.68"" x 17.68""",AQ02 SQ1818MTJ1,,,"Daltile Advantage 18"" x 18"" Matte Ceramic Floor Tile is designed for larger spaces that need a touch of elegance. The substantial size allows for fewer grout lines, creating a seamless look across your floors. The matte ceramic finish enhances its durability while adding a soft, understated appeal.",,InStock,38.46,USD,https://floorscenter.com/cdn/shop/files/Daltile_Advantage_18_x_18_Matte_Ceramic_Tile_Roomscene1.jpg?v=1762198655&width=1024,https://floorscenter.com/cdn/shop/files/Daltile_Advantage_18_x_18_Matte_Ceramic_Tile_Roomscene1.jpg?v=1762198655&width=1024,,,,,https://floorscenter.com/products/daltile-advantage-18-x-18-matte-ceramic-tile,/products/daltile-advantage-18-x-18-matte-ceramic-tile#product,2026-08-19T19:40:23.301424+00:00
Daltile,"Renoir Grey / 17.68"" x 17.68""",AQ03 SQ1818MTJ1,,,"Daltile Advantage 18"" x 18"" Matte Ceramic Floor Tile is designed for larger spaces that need a touch of elegance. The substantial size allows for fewer grout lines, creating a seamless look across your floors. The matte ceramic finish enhances its durability while adding a soft, understated appeal.",,InStock,38.46,USD,https://floorscenter.com/cdn/shop/files/Daltile_Advantage_18_x_18_Matte_Ceramic_Tile_Roomscene1.jpg?v=1762198655&width=1024,https://floorscenter.com/cdn/shop/files/Daltile_Advantage_18_x_18_Matte_Ceramic_Tile_Roomscene1.jpg?v=1762198655&width=1024,,,,,https://floorscenter.com/products/daltile-advantage-18-x-18-matte-ceramic-tile,/products/daltile-advantage-18-x-18-matte-ceramic-tile#product,2026-08-19T19:40:23.301424+00:00
Daltile,"Portrait White / 17.68"" x 17.68""",AQ01 SQ1818MTJ1,,,"Daltile Advantage 18"" x 18"" Matte Ceramic Floor Tile is designed for larger spaces that need a touch of elegance. The substantial size allows for fewer grout lines, creating a seamless look across your floors. The matte ceramic finish enhances its durability while adding a soft, understated appeal.",,InStock,38.46,USD,https://floorscenter.com/cdn/shop/files/Daltile_Advantage_18_x_18_Matte_Ceramic_Tile_Roomscene1.jpg?v=1762198655&width=1024,https://floorscenter.com/cdn/shop/files/Daltile_Advantage_18_x_18_Matte_Ceramic_Tile_Roomscene1.jpg?v=1762198655&width=1024,,,,,https://floorscenter.com/products/daltile-advantage-18-x-18-matte-ceramic-tile,/products/daltile-advantage-18-x-18-matte-ceramic-tile#product,2026-08-19T19:40:23.301424+00:00
Daltile,"Off White / 17.68"" x 17.68""",AR30 SQ1818MTJ1,,,"Daltile Advantage 18"" x 18"" Matte Ceramic Floor Tile is designed for larger spaces that need a touch of elegance. The substantial size allows for fewer grout lines, creating a seamless look across your floors. The matte ceramic finish enhances its durability while adding a soft, understated appeal.",,InStock,54.15,USD,https://floorscenter.com/cdn/shop/files/Daltile_Advantage_18_x_18_Matte_Ceramic_Tile_Roomscene1.jpg?v=1762198655&width=1024,https://floorscenter.com/cdn/shop/files/Daltile_Advantage_18_x_18_Matte_Ceramic_Tile_Roomscene1.jpg?v=1762198655&width=1024,,,,,https://floorscenter.com/products/daltile-advantage-18-x-18-matte-ceramic-tile,/products/daltile-advantage-18-x-18-matte-ceramic-tile#product,2026-08-19T19:40:23.301424+00:00
Daltile,"Light Gray / 17.68"" x 17.68""",AR32 SQ1818MTJ1,,,"Daltile Advantage 18"" x 18"" Matte Ceramic Floor Tile is designed for larger spaces that need a touch of elegance. The substantial size allows for fewer grout lines, creating a seamless look across your floors. The matte ceramic finish enhances its durability while adding a soft, understated appeal.",,InStock,39.63,USD,https://floorscenter.com/cdn/shop/files/Daltile_Advantage_18_x_18_Matte_Ceramic_Tile_Roomscene1.jpg?v=1762198655&width=1024,https://floorscenter.com/cdn/shop/files/Daltile_Advantage_18_x_18_Matte_Ceramic_Tile_Roomscene1.jpg?v=1762198655&width=1024,,,,,https://floorscenter.com/products/daltile-advantage-18-x-18-matte-ceramic-tile,/products/daltile-advantage-18-x-18-matte-ceramic-tile#product,2026-08-19T19:40:23.301424+00:00
Daltile,"Aria White / 17.68"" x 17.68""",EP20 SQ1818MTJ1,,,"Daltile Advantage 18"" x 18"" Matte Ceramic Floor Tile is designed for larger spaces that need a touch of elegance. The substantial size allows for fewer grout lines, creating a seamless look across your floors. The matte ceramic finish enhances its durability while adding a soft, understated appeal.",,InStock,54.15,USD,https://floorscenter.com/cdn/shop/files/Daltile_Advantage_18_x_18_Matte_Ceramic_Tile_Roomscene1.jpg?v=1762198655&width=1024,https://floorscenter.com/cdn/shop/files/Daltile_Advantage_18_x_18_Matte_Ceramic_Tile_Roomscene1.jpg?v=1762198655&width=1024,,,,,https://floorscenter.com/products/daltile-advantage-18-x-18-matte-ceramic-tile,/products/daltile-advantage-18-x-18-matte-ceramic-tile#product,2026-08-19T19:40:23.301424+00:00
Daltile,"Percussion Taupe / 17.68"" x 17.68""",EP21 SQ1818MTJ1,,,"Daltile Advantage 18"" x 18"" Matte Ceramic Floor Tile is designed for larger spaces that need a touch of elegance. The substantial size allows for fewer grout lines, creating a seamless look across your floors. The matte ceramic finish enhances its durability while adding a soft, understated appeal.",,InStock,54.15,USD,https://floorscenter.com/cdn/shop/files/Daltile_Advantage_18_x_18_Matte_Ceramic_Tile_Roomscene1.jpg?v=1762198655&width=1024,https://floorscenter.com/cdn/shop/files/Daltile_Advantage_18_x_18_Matte_Ceramic_Tile_Roomscene1.jpg?v=1762198655&width=1024,,,,,https://floorscenter.com/products/daltile-advantage-18-x-18-matte-ceramic-tile,/products/daltile-advantage-18-x-18-matte-ceramic-tile#product,2026-08-19T19:40:23.301424+00:00
Daltile,"Trumpet Grey / 17.68"" x 17.68""",EP22 SQ1818MTJ1,,,"Daltile Advantage 18"" x 18"" Matte Ceramic Floor Tile is designed for larger spaces that need a touch of elegance. The substantial size allows for fewer grout lines, creating a seamless look across your floors. The matte ceramic finish enhances its durability while adding a soft, understated appeal.",,InStock,54.15,USD,https://floorscenter.com/cdn/shop/files/Daltile_Advantage_18_x_18_Matte_Ceramic_Tile_Roomscene1.jpg?v=1762198655&width=1024,https://floorscenter.com/cdn/shop/files/Daltile_Advantage_18_x_18_Matte_Ceramic_Tile_Roomscene1.jpg?v=1762198655&width=1024,,,,,https://floorscenter.com/products/daltile-advantage-18-x-18-matte-ceramic-tile,/products/daltile-advantage-18-x-18-matte-ceramic-tile#product,2026-08-19T19:40:23.301424+00:00
Daltile,"Beige / 17.68"" x 17.68""",PK96 SQ1818MTJ1,,,"Daltile Advantage 18"" x 18"" Matte Ceramic Floor Tile is designed for larger spaces that need a touch of elegance. The substantial size allows for fewer grout lines, creating a seamless look across your floors. The matte ceramic finish enhances its durability while adding a soft, understated appeal.",,InStock,50.82,USD,https://floorscenter.com/cdn/shop/files/Daltile_Advantage_18_x_18_Matte_Ceramic_Tile_Roomscene1.jpg?v=1762198655&width=1024,https://floorscenter.com/cdn/shop/files/Daltile_Advantage_18_x_18_Matte_Ceramic_Tile_Roomscene1.jpg?v=1762198655&width=1024,,,,,https://floorscenter.com/products/daltile-advantage-18-x-18-matte-ceramic-tile,/products/daltile-advantage-18-x-18-matte-ceramic-tile#product,2026-08-19T19:40:23.301424+00:00
,Daltile Advantage 18&quot; x 18&quot; Matte Ceramic Floor Tile,46824619835694,,,"Daltile Advantage 18&quot; x 18&quot; Matte Ceramic Floor Tile is designed for larger spaces that need a touch of elegance. The substantial size allows for fewer grout lines, creating a seamless look across your floors. The matte ceramic finish enhances its...",,InStock,38.46,USD,https://floorscenter.com//floorscenter.com/cdn/shop/files/Daltile_Advantage_18_x_18_Matte_Ceramic_Tile_Roomscene1_800x.jpg?v=1762198655,https://floorscenter.com//floorscenter.com/cdn/shop/files/Daltile_Advantage_18_x_18_Matte_Ceramic_Tile_Roomscene1_800x.jpg?v=1762198655,,,,,https://floorscenter.com/products/daltile-advantage-18-x-18-matte-ceramic-tile,/products/daltile-advantage-18-x-18-matte-ceramic-tile#product,2026-08-19T19:40:23.301424+00:00
Daltile,"Soriano Clay / 23.56"" x 23.56""",MD87 24241P,,,"Daltile Modernist 24"" x 24"" Rectified Matte Porcelain Floor Tile offers a modern, larger format tile that creates an expansive, seamless flooring design. The 24"" x 24"" size reduces grout lines, creating a more open and cohesive look in any room. The rectified edges ensure precise, uniform installation for a polished and clean finish. With its matte porcelain surface, this tile offers durability and resistance to stains, moisture, and high traffic. Ideal for contemporary spaces, it’s perfect for both residential and commercial applications, delivering both style and long-lasting performance.",,InStock,151.88,USD,https://floorscenter.com/cdn/shop/files/Daltile_Modernist_24_x_24_Matte_Rectified_Porcelain_Tile_Roomscene1.jpg?v=1762197656&width=1024,https://floorscenter.com/cdn/shop/files/Daltile_Modernist_24_x_24_Matte_Rectified_Porcelain_Tile_Roomscene1.jpg?v=1762197656&width=1024,,,,,https://floorscenter.com/products/daltile-modernist-24-x-24-matte-rectified-porcelain-floor-tile,/products/daltile-modernist-24-x-24-matte-rectified-porcelain-floor-tile#product,2026-08-19T19:40:23.301424+00:00
Daltile,"Pearsall Grey / 23.56"" x 23.56""",MD86 24241P,,,"Daltile Modernist 24"" x 24"" Rectified Matte Porcelain Floor Tile offers a modern, larger format tile that creates an expansive, seamless flooring design. The 24"" x 24"" size reduces grout lines, creating a more open and cohesive look in any room. The rectified edges ensure precise, uniform installation for a polished and clean finish. With its matte porcelain surface, this tile offers durability and resistance to stains, moisture, and high traffic. Ideal for contemporary spaces, it’s perfect for both residential and commercial applications, delivering both style and long-lasting performance.",,InStock,151.88,USD,https://floorscenter.com/cdn/shop/files/Daltile_Modernist_24_x_24_Matte_Rectified_Porcelain_Tile_Roomscene1.jpg?v=1762197656&width=1024,https://floorscenter.com/cdn/shop/files/Daltile_Modernist_24_x_24_Matte_Rectified_Porcelain_Tile_Roomscene1.jpg?v=1762197656&width=1024,,,,,https://floorscenter.com/products/daltile-modernist-24-x-24-matte-rectified-porcelain-floor-tile,/products/daltile-modernist-24-x-24-matte-rectified-porcelain-floor-tile#product,2026-08-19T19:40:23.301424+00:00
Daltile,"Bertoia White / 23.56"" x 23.56""",MD85 24241P,,,"Daltile Modernist 24"" x 24"" Rectified Matte Porcelain Floor Tile offers a modern, larger format tile that creates an expansive, seamless flooring design. The 24"" x 24"" size reduces grout lines, creating a more open and cohesive look in any room. The rectified edges ensure precise, uniform installation for a polished and clean finish. With its matte porcelain surface, this tile offers durability and resistance to stains, moisture, and high traffic. Ideal for contemporary spaces, it’s perfect for both residential and commercial applications, delivering both style and long-lasting performance.",,InStock,151.88,USD,https://floorscenter.com/cdn/shop/files/Daltile_Modernist_24_x_24_Matte_Rectified_Porcelain_Tile_Roomscene1.jpg?v=1762197656&width=1024,https://floorscenter.com/cdn/shop/files/Daltile_Modernist_24_x_24_Matte_Rectified_Porcelain_Tile_Roomscene1.jpg?v=1762197656&width=1024,,,,,https://floorscenter.com/products/daltile-modernist-24-x-24-matte-rectified-porcelain-floor-tile,/products/daltile-modernist-24-x-24-matte-rectified-porcelain-floor-tile#product,2026-08-19T19:40:23.301424+00:00
Daltile,"Prouve Steel / 23.56"" x 23.56""",MD88 24241P,,,"Daltile Modernist 24"" x 24"" Rectified Matte Porcelain Floor Tile offers a modern, larger format tile that creates an expansive, seamless flooring design. The 24"" x 24"" size reduces grout lines, creating a more open and cohesive look in any room. The rectified edges ensure precise, uniform installation for a polished and clean finish. With its matte porcelain surface, this tile offers durability and resistance to stains, moisture, and high traffic. Ideal for contemporary spaces, it’s perfect for both residential and commercial applications, delivering both style and long-lasting performance.",,InStock,151.88,USD,https://floorscenter.com/cdn/shop/files/Daltile_Modernist_24_x_24_Matte_Rectified_Porcelain_Tile_Roomscene1.jpg?v=1762197656&width=1024,https://floorscenter.com/cdn/shop/files/Daltile_Modernist_24_x_24_Matte_Rectified_Porcelain_Tile_Roomscene1.jpg?v=1762197656&width=1024,,,,,https://floorscenter.com/products/daltile-modernist-24-x-24-matte-rectified-porcelain-floor-tile,/products/daltile-modernist-24-x-24-matte-rectified-porcelain-floor-tile#product,2026-08-19T19:40:23.301424+00:00
Daltile,"Knoll Charcoal / 23.56"" x 23.56""",MD89 24241P,,,"Daltile Modernist 24"" x 24"" Rectified Matte Porcelain Floor Tile offers a modern, larger format tile that creates an expansive, seamless flooring design. The 24"" x 24"" size reduces grout lines, creating a more open and cohesive look in any room. The rectified edges ensure precise, uniform installation for a polished and clean finish. With its matte porcelain surface, this tile offers durability and resistance to stains, moisture, and high traffic. Ideal for contemporary spaces, it’s perfect for both residential and commercial applications, delivering both style and long-lasting performance.",,InStock,171.52,USD,https://floorscenter.com/cdn/shop/files/Daltile_Modernist_24_x_24_Matte_Rectified_Porcelain_Tile_Roomscene1.jpg?v=1762197656&width=1024,https://floorscenter.com/cdn/shop/files/Daltile_Modernist_24_x_24_Matte_Rectified_Porcelain_Tile_Roomscene1.jpg?v=1762197656&width=1024,,,,,https://floorscenter.com/products/daltile-modernist-24-x-24-matte-rectified-porcelain-floor-tile,/products/daltile-modernist-24-x-24-matte-rectified-porcelain-floor-tile#product,2026-08-19T19:40:23.301424+00:00
,Daltile Modernist 24&quot; x 24&quot; Rectified Matte Porcelain Floor Tile,45523839582510,,,"Daltile Modernist 24&quot; x 24&quot; Rectified Matte Porcelain Floor Tile offers a modern, larger format tile that creates an expansive, seamless flooring design. The 24&quot; x 24&quot; size reduces grout lines, creating a more open and cohesive look in any room. T...",,InStock,151.88,USD,https://floorscenter.com//floorscenter.com/cdn/shop/files/Daltile_Modernist_24_x_24_Matte_Rectified_Porcelain_Tile_Roomscene1_800x.jpg?v=1762197656,https://floorscenter.com//floorscenter.com/cdn/shop/files/Daltile_Modernist_24_x_24_Matte_Rectified_Porcelain_Tile_Roomscene1_800x.jpg?v=1762197656,,,,,https://floorscenter.com/products/daltile-modernist-24-x-24-matte-rectified-porcelain-floor-tile,/products/daltile-modernist-24-x-24-matte-rectified-porcelain-floor-tile#product,2026-08-19T19:40:23.301424+00:00
Daltile,"Cube Positive / 8.5"" x 10""",P047 810HXCUBE1P,,,"Daltile Bee Hive Medley 8.5"" x 10"" Matte Porcelain Deco Floor Tile adds a creative and artistic touch to any floor. This deco tile features a unique design that pairs beautifully with other tiles in the Bee Hive collection. The matte porcelain finish ensures durability while providing a modern, sophisticated look for your floors.",,InStock,58.67,USD,https://floorscenter.com/cdn/shop/files/Daltile_Bee_Hive_Medley_8.5_x_10_Matte_Porcelain_Deco_Tile_Roomscene1.jpg?v=1762197976&width=1024,https://floorscenter.com/cdn/shop/files/Daltile_Bee_Hive_Medley_8.5_x_10_Matte_Porcelain_Deco_Tile_Roomscene1.jpg?v=1762197976&width=1024,,,,,https://floorscenter.com/products/daltile-bee-hive-medley-8-5-x-10-matte-porcelain-deco-floor-tile,/products/daltile-bee-hive-medley-8-5-x-10-matte-porcelain-deco-floor-tile#product,2026-08-19T19:40:23.301424+00:00
Daltile,"Cube Negative / 8.5"" x 10""",P048 810HXCUBE1P,,,"Daltile Bee Hive Medley 8.5"" x 10"" Matte Porcelain Deco Floor Tile adds a creative and artistic touch to any floor. This deco tile features a unique design that pairs beautifully with other tiles in the Bee Hive collection. The matte porcelain finish ensures durability while providing a modern, sophisticated look for your floors.",,InStock,58.67,USD,https://floorscenter.com/cdn/shop/files/Daltile_Bee_Hive_Medley_8.5_x_10_Matte_Porcelain_Deco_Tile_Roomscene1.jpg?v=1762197976&width=1024,https://floorscenter.com/cdn/shop/files/Daltile_Bee_Hive_Medley_8.5_x_10_Matte_Porcelain_Deco_Tile_Roomscene1.jpg?v=1762197976&width=1024,,,,,https://floorscenter.com/products/daltile-bee-hive-medley-8-5-x-10-matte-porcelain-deco-floor-tile,/products/daltile-bee-hive-medley-8-5-x-10-matte-porcelain-deco-floor-tile#product,2026-08-19T19:40:23.301424+00:00
,Daltile Bee Hive Medley 8.5&quot; x 10&quot; Matte Porcelain Deco Floor Tile,45395812909358,,,Daltile Bee Hive Medley 8.5&quot; x 10&quot; Matte Porcelain Deco Floor Tile adds a creative and artistic touch to any floor. This deco tile features a unique design that pairs beautifully with other tiles in the Bee Hive collection. The matte porcelain fin...,,InStock,58.67,USD,https://floorscenter.com//floorscenter.com/cdn/shop/files/Daltile_Bee_Hive_Medley_8.5_x_10_Matte_Porcelain_Deco_Tile_Roomscene1_800x.jpg?v=1762197976,https://floorscenter.com//floorscenter.com/cdn/shop/files/Daltile_Bee_Hive_Medley_8.5_x_10_Matte_Porcelain_Deco_Tile_Roomscene1_800x.jpg?v=1762197976,,,,,https://floorscenter.com/products/daltile-bee-hive-medley-8-5-x-10-matte-porcelain-deco-floor-tile,/products/daltile-bee-hive-medley-8-5-x-10-matte-porcelain-deco-floor-tile#product,2026-08-19T19:40:23.301424+00:00
Alfagres,"Alfagres Agata 12"" x 24"" Matte Ceramic Tile",225028351,,,"Alfagres Agata 12x24 Matte Ceramic Tile is a sophisticated option for those seeking an elegant yet durable surface. With its sleek matte finish and modern 12x24 dimensions, this ceramic tile brings contemporary charm to any residential or commercial space. Ideal for both floors and walls, the Alfagres Agata tile mimics the appearance of natural stone, making it perfect for minimalist interiors or spa-inspired bathrooms. The refined look of this tile enhances clean lines and open spaces while remaining easy to maintain and moisture-resistant, making it a popular choice for designers and homeowners alike looking for long-lasting ceramic tile solutions.",,InStock,19.84,USD,https://floorscenter.com/cdn/shop/files/225028351-SRC.jpg?v=1754516562&width=1024,https://floorscenter.com/cdn/shop/files/225028351-SRC.jpg?v=1754516562&width=1024,,,,,https://floorscenter.com/products/alfagres-agata-12-x-24-matte-ceramic-tile,/products/alfagres-agata-12-x-24-matte-ceramic-tile#product,2026-08-19T19:40:23.301424+00:00
,Alfagres Agata 12&quot; x 24&quot; Matte Ceramic Tile,50841354502446,,,"Alfagres Agata 12x24 Matte Ceramic Tile is a sophisticated option for those seeking an elegant yet durable surface. With its sleek matte finish and modern 12x24 dimensions, this ceramic tile brings contemporary charm to any residential or commerci...",,InStock,19.84,USD,https://floorscenter.com//floorscenter.com/cdn/shop/files/225028351-SRC_800x.jpg?v=1754516562,https://floorscenter.com//floorscenter.com/cdn/shop/files/225028351-SRC_800x.jpg?v=1754516562,,,,,https://floorscenter.com/products/alfagres-agata-12-x-24-matte-ceramic-tile,/products/alfagres-agata-12-x-24-matte-ceramic-tile#product,2026-08-19T19:40:23.301424+00:00
Alfagres,"Alfagres Arabescato 12"" x 12"" Matte Ceramic 2"" Mesh Mosaic",225019742,,,"Alfagres Arabescato 12x12 Matte Ceramic 2 Mesh Mosaic offers a timeless marble-inspired look in a practical mosaic format. The 2 mesh mosaic backing ensures easy installation, particularly in areas that require precision like backsplashes, shower floors, or accent walls. The matte surface finish gives it a soft, elegant appearance while offering excellent slip resistance. With a marble-like design, the Arabescato mosaic adds a touch of luxury without the upkeep of real stone. This makes Alfagres Arabescato a go-to option for adding subtle texture and refined style to any design project.",,InStock,50.6,USD,https://floorscenter.com/cdn/shop/files/Alfagres_Arabescato_12_x_12_Ceramic_Mesh_Mosaic_Roomscene1.jpg?v=1762199046&width=1024,https://floorscenter.com/cdn/shop/files/Alfagres_Arabescato_12_x_12_Ceramic_Mesh_Mosaic_Roomscene1.jpg?v=1762199046&width=1024,,,,,https://floorscenter.com/products/alfagres-arabescato-12-x-12-matte-ceramic-2-mesh-mosaic,/products/alfagres-arabescato-12-x-12-matte-ceramic-2-mesh-mosaic#product,2026-08-19T19:40:23.301424+00:00
,Alfagres Arabescato 12&quot; x 12&quot; Matte Ceramic 2&quot; Mesh Mosaic,50841354535214,,,"Alfagres Arabescato 12x12 Matte Ceramic 2 Mesh Mosaic offers a timeless marble-inspired look in a practical mosaic format. The 2 mesh mosaic backing ensures easy installation, particularly in areas that require precision like backsplashes, shower ...",,InStock,50.6,USD,https://floorscenter.com//floorscenter.com/cdn/shop/files/Alfagres_Arabescato_12_x_12_Ceramic_Mesh_Mosaic_Roomscene1_800x.jpg?v=1762199046,https://floorscenter.com//floorscenter.com/cdn/shop/files/Alfagres_Arabescato_12_x_12_Ceramic_Mesh_Mosaic_Roomscene1_800x.jpg?v=1762199046,,,,,https://floorscenter.com/products/alfagres-arabescato-12-x-12-matte-ceramic-2-mesh-mosaic,/products/alfagres-arabescato-12-x-12-matte-ceramic-2-mesh-mosaic#product,2026-08-19T19:40:23.301424+00:00
Alfagres,"cafe / 12"" x 24""",225027171,,,"Alfagres Arenisca 12x24 Matte Ceramic Tile delivers a warm, sandstone-inspired aesthetic, perfect for creating cozy, inviting spaces. The large-format tile helps reduce grout lines, resulting in a cleaner and more seamless look. Its matte finish enhances the natural texture and provides a slip-resistant surface ideal for high-traffic areas. Whether you're renovating a kitchen, bathroom, or living room, the Alfagres Arenisca tile combines visual appeal with long-lasting performance, ensuring your surfaces look beautiful for years to come.",,InStock,21.69,USD,https://floorscenter.com/cdn/shop/files/Alfagres_Arensica_12_x_24_Matte_Ceramic_Tile_Roomscene1.jpg?v=1762197459&width=1024,https://floorscenter.com/cdn/shop/files/Alfagres_Arensica_12_x_24_Matte_Ceramic_Tile_Roomscene1.jpg?v=1762197459&width=1024,,,,,https://floorscenter.com/products/alfagres-arenisca-12-x-24-matte-ceramic-tile,/products/alfagres-arenisca-12-x-24-matte-ceramic-tile#product,2026-08-19T19:40:23.301424+00:00
Alfagres,"Gris / 12"" x 24""",225027172,,,"Alfagres Arenisca 12x24 Matte Ceramic Tile delivers a warm, sandstone-inspired aesthetic, perfect for creating cozy, inviting spaces. The large-format tile helps reduce grout lines, resulting in a cleaner and more seamless look. Its matte finish enhances the natural texture and provides a slip-resistant surface ideal for high-traffic areas. Whether you're renovating a kitchen, bathroom, or living room, the Alfagres Arenisca tile combines visual appeal with long-lasting performance, ensuring your surfaces look beautiful for years to come.",,InStock,21.69,USD,https://floorscenter.com/cdn/shop/files/Alfagres_Arensica_12_x_24_Matte_Ceramic_Tile_Roomscene1.jpg?v=1762197459&width=1024,https://floorscenter.com/cdn/shop/files/Alfagres_Arensica_12_x_24_Matte_Ceramic_Tile_Roomscene1.jpg?v=1762197459&width=1024,,,,,https://floorscenter.com/products/alfagres-arenisca-12-x-24-matte-ceramic-tile,/products/alfagres-arenisca-12-x-24-matte-ceramic-tile#product,2026-08-19T19:40:23.301424+00:00
,Alfagres Arenisca 12&quot; x 24&quot; Matte Ceramic Tile,50841354666286,,,"Alfagres Arenisca 12x24 Matte Ceramic Tile delivers a warm, sandstone-inspired aesthetic, perfect for creating cozy, inviting spaces. The large-format tile helps reduce grout lines, resulting in a cleaner and more seamless look. Its matte finish e...",,InStock,21.69,USD,https://floorscenter.com//floorscenter.com/cdn/shop/files/Alfagres_Arensica_12_x_24_Matte_Ceramic_Tile_Roomscene1_800x.jpg?v=1762197459,https://floorscenter.com//floorscenter.com/cdn/shop/files/Alfagres_Arensica_12_x_24_Matte_Ceramic_Tile_Roomscene1_800x.jpg?v=1762197459,,,,,https://floorscenter.com/products/alfagres-arenisca-12-x-24-matte-ceramic-tile,/products/alfagres-arenisca-12-x-24-matte-ceramic-tile#product,2026-08-19T19:40:23.301424+00:00
Alfagres,"cafe / 9"" x 36""",225026970,,,"Alfagres Aspen 9x36 Matte Ceramic Tile provides the look of authentic hardwood with the practicality of ceramic. This wood-look tile features rich grain patterns and a matte finish that makes it indistinguishable from real wood while being water-resistant and easier to maintain. Its elongated 9x36 size is ideal for creating seamless wood-plank-style flooring in kitchens, hallways, and living spaces. Alfagres Aspen is a top choice for those seeking rustic charm with the durability of ceramic tile.",,InStock,22.1,USD,https://floorscenter.com/cdn/shop/files/Alfagres_Aspen_9_x_36_Matte_Ceramic_Tile_Roomscene1.jpg?v=1762198964&width=1024,https://floorscenter.com/cdn/shop/files/Alfagres_Aspen_9_x_36_Matte_Ceramic_Tile_Roomscene1.jpg?v=1762198964&width=1024,,,,,https://floorscenter.com/products/alfagres-aspen-9-x-36-matte-ceramic-tile,/products/alfagres-aspen-9-x-36-matte-ceramic-tile#product,2026-08-19T19:40:23.301424+00:00
Alfagres,"Gris / 9"" x 36""",225026965,,,"Alfagres Aspen 9x36 Matte Ceramic Tile provides the look of authentic hardwood with the practicality of ceramic. This wood-look tile features rich grain patterns and a matte finish that makes it indistinguishable from real wood while being water-resistant and easier to maintain. Its elongated 9x36 size is ideal for creating seamless wood-plank-style flooring in kitchens, hallways, and living spaces. Alfagres Aspen is a top choice for those seeking rustic charm with the durability of ceramic tile.",,InStock,22.1,USD,https://floorscenter.com/cdn/shop/files/Alfagres_Aspen_9_x_36_Matte_Ceramic_Tile_Roomscene1.jpg?v=1762198964&width=1024,https://floorscenter.com/cdn/shop/files/Alfagres_Aspen_9_x_36_Matte_Ceramic_Tile_Roomscene1.jpg?v=1762198964&width=1024,,,,,https://floorscenter.com/products/alfagres-aspen-9-x-36-matte-ceramic-tile,/products/alfagres-aspen-9-x-36-matte-ceramic-tile#product,2026-08-19T19:40:23.301424+00:00
Alfagres,"Taupe / 9"" x 36""",225026971,,,"Alfagres Aspen 9x36 Matte Ceramic Tile provides the look of authentic hardwood with the practicality of ceramic. This wood-look tile features rich grain patterns and a matte finish that makes it indistinguishable from real wood while being water-resistant and easier to maintain. Its elongated 9x36 size is ideal for creating seamless wood-plank-style flooring in kitchens, hallways, and living spaces. Alfagres Aspen is a top choice for those seeking rustic charm with the durability of ceramic tile.",,InStock,22.1,USD,https://floorscenter.com/cdn/shop/files/Alfagres_Aspen_9_x_36_Matte_Ceramic_Tile_Roomscene1.jpg?v=1762198964&width=1024,https://floorscenter.com/cdn/shop/files/Alfagres_Aspen_9_x_36_Matte_Ceramic_Tile_Roomscene1.jpg?v=1762198964&width=1024,,,,,https://floorscenter.com/products/alfagres-aspen-9-x-36-matte-ceramic-tile,/products/alfagres-aspen-9-x-36-matte-ceramic-tile#product,2026-08-19T19:40:23.301424+00:00
,Alfagres Aspen 9&quot; x 36&quot; Matte Ceramic Tile,50841354567982,,,Alfagres Aspen 9x36 Matte Ceramic Tile provides the look of authentic hardwood with the practicality of ceramic. This wood-look tile features rich grain patterns and a matte finish that makes it indistinguishable from real wood while being water-r...,,InStock,22.1,USD,https://floorscenter.com//floorscenter.com/cdn/shop/files/Alfagres_Aspen_9_x_36_Matte_Ceramic_Tile_Roomscene1_800x.jpg?v=1762198964,https://floorscenter.com//floorscenter.com/cdn/shop/files/Alfagres_Aspen_9_x_36_Matte_Ceramic_Tile_Roomscene1_800x.jpg?v=1762198964,,,,,https://floorscenter.com/products/alfagres-aspen-9-x-36-matte-ceramic-tile,/products/alfagres-aspen-9-x-36-matte-ceramic-tile#product,2026-08-19T19:40:23.301424+00:00
Alfagres,"Alfagres Blanco 12"" x 24"" Matte Ceramic Tile",225021270,,,"Alfagres Blanco 12x24 Matte Ceramic Tile is a crisp, clean tile that works well in both contemporary and traditional designs. The matte white finish brightens any room, making it a great choice for smaller spaces or areas where light reflection is desired. Durable, water-resistant, and easy to clean, Alfagres Blanco adds simplicity and sophistication to floors and walls alike. This tile is ideal for kitchens, bathrooms, or modern commercial spaces.",,InStock,19.84,USD,https://floorscenter.com/cdn/shop/files/Alfagres_Blanco_12_x_24_Matte_Ceramic_Tile_Roomscene1.jpg?v=1762198719&width=1024,https://floorscenter.com/cdn/shop/files/Alfagres_Blanco_12_x_24_Matte_Ceramic_Tile_Roomscene1.jpg?v=1762198719&width=1024,,,,,https://floorscenter.com/products/alfagres-blanco-12-x-24-matte-ceramic-tile,/products/alfagres-blanco-12-x-24-matte-ceramic-tile#product,2026-08-19T19:40:23.301424+00:00
,Alfagres Blanco 12&quot; x 24&quot; Matte Ceramic Tile,50841354764590,,,"Alfagres Blanco 12x24 Matte Ceramic Tile is a crisp, clean tile that works well in both contemporary and traditional designs. The matte white finish brightens any room, making it a great choice for smaller spaces or areas where light reflection is...",,InStock,19.84,USD,https://floorscenter.com//floorscenter.com/cdn/shop/files/Alfagres_Blanco_12_x_24_Matte_Ceramic_Tile_Roomscene1_800x.jpg?v=1762198719,https://floorscenter.com//floorscenter.com/cdn/shop/files/Alfagres_Blanco_12_x_24_Matte_Ceramic_Tile_Roomscene1_800x.jpg?v=1762198719,,,,,https://floorscenter.com/products/alfagres-blanco-12-x-24-matte-ceramic-tile,/products/alfagres-blanco-12-x-24-matte-ceramic-tile#product,2026-08-19T19:40:23.301424+00:00
Alfagres,"Alfagres Blanco 3"" x 12"" Matte Ceramic Bullnose",135038002,,,"Alfagres Blanco 3x12 Matte Ceramic Bullnose is the perfect finishing touch for ceramic tile installations. Designed to match the Alfagres Blanco tile series, this bullnose piece creates smooth edges and clean transitions on walls, countertops, and backsplashes. Its matte finish and sleek dimensions offer a seamless continuation of the design while adding durability to corners and edges. Alfagres Blanco bullnose ensures professional-grade results in any tiling project.",,InStock,102.08,USD,https://floorscenter.com/cdn/shop/files/135038002.jpg?v=1754516569&width=1024,https://floorscenter.com/cdn/shop/files/135038002.jpg?v=1754516569&width=1024,,,,,https://floorscenter.com/products/alfagres-blanco-3-x-12-matte-ceramic-bullnose,/products/alfagres-blanco-3-x-12-matte-ceramic-bullnose#product,2026-08-19T19:40:23.301424+00:00
,Alfagres Blanco 3&quot; x 12&quot; Matte Ceramic Bullnose,50841354797358,,,"Alfagres Blanco 3x12 Matte Ceramic Bullnose is the perfect finishing touch for ceramic tile installations. Designed to match the Alfagres Blanco tile series, this bullnose piece creates smooth edges and clean transitions on walls, countertops, and...",,InStock,102.08,USD,https://floorscenter.com//floorscenter.com/cdn/shop/files/135038002_800x.jpg?v=1754516569,https://floorscenter.com//floorscenter.com/cdn/shop/files/135038002_800x.jpg?v=1754516569,,,,,https://floorscenter.com/products/alfagres-blanco-3-x-12-matte-ceramic-bullnose,/products/alfagres-blanco-3-x-12-matte-ceramic-bullnose#product,2026-08-19T19:40:23.301424+00:00
Alfagres,"Perla / 12"" x 12""",225026460,,,"Alfagres Boston 12x12 Matte Ceramic 2 Mesh Mosaic is a versatile option for accenting walls and floors with subtle sophistication. Its 2 tiles on a 12x12 mesh backing provide flexibility for installation, especially in curved or irregular areas. The matte finish offers a modern aesthetic while also improving slip resistance. Alfagres Boston mosaic tiles are perfect for shower walls, backsplashes, and decorative borders.",,InStock,50.6,USD,https://floorscenter.com/cdn/shop/files/225026460-SRC.jpg?v=1754516576&width=1024,https://floorscenter.com/cdn/shop/files/225026460-SRC.jpg?v=1754516576&width=1024,,,,,https://floorscenter.com/products/alfagres-boston-12-x-12-matte-ceramic-2-mesh-mosaic,/products/alfagres-boston-12-x-12-matte-ceramic-2-mesh-mosaic#product,2026-08-19T19:40:23.301424+00:00
Alfagres,"Multicolor / 12"" x 12""",225015563,,,"Alfagres Boston 12x12 Matte Ceramic 2 Mesh Mosaic is a versatile option for accenting walls and floors with subtle sophistication. Its 2 tiles on a 12x12 mesh backing provide flexibility for installation, especially in curved or irregular areas. The matte finish offers a modern aesthetic while also improving slip resistance. Alfagres Boston mosaic tiles are perfect for shower walls, backsplashes, and decorative borders.",,InStock,50.6,USD,https://floorscenter.com/cdn/shop/files/225026460-SRC.jpg?v=1754516576&width=1024,https://floorscenter.com/cdn/shop/files/225026460-SRC.jpg?v=1754516576&width=1024,,,,,https://floorscenter.com/products/alfagres-boston-12-x-12-matte-ceramic-2-mesh-mosaic,/products/alfagres-boston-12-x-12-matte-ceramic-2-mesh-mosaic#product,2026-08-19T19:40:23.301424+00:00
,Alfagres Boston 12&quot; x 12&quot; Matte Ceramic 2&quot; Mesh Mosaic,50841354961198,,,"Alfagres Boston 12x12 Matte Ceramic 2 Mesh Mosaic is a versatile option for accenting walls and floors with subtle sophistication. Its 2 tiles on a 12x12 mesh backing provide flexibility for installation, especially in curved or irregular areas. T...",,InStock,50.6,USD,https://floorscenter.com//floorscenter.com/cdn/shop/files/225026460-SRC_800x.jpg?v=1754516576,https://floorscenter.com//floorscenter.com/cdn/shop/files/225026460-SRC_800x.jpg?v=1754516576,,,,,https://floorscenter.com/products/alfagres-boston-12-x-12-matte-ceramic-2-mesh-mosaic,/products/alfagres-boston-12-x-12-matte-ceramic-2-mesh-mosaic#product,2026-08-19T19:40:23.301424+00:00
Alfagres,"Ambar / 18"" x 18""",225026223,,,"Alfagres Boston 18x18 Matte Ceramic Tile delivers timeless charm with a slightly textured matte surface and neutral tones, making it perfect for large flooring applications. The square 18x18 size adds balance and harmony to open spaces while offering an easy-to-maintain and durable surface. Alfagres Boston is ideal for both residential and commercial spaces where practicality meets understated style.",,InStock,25.27,USD,https://floorscenter.com/cdn/shop/files/Alfagres_Boston_18_x_18_Matte_Ceramic_Tile_Roomscene1.jpg?v=1762199260&width=1024,https://floorscenter.com/cdn/shop/files/Alfagres_Boston_18_x_18_Matte_Ceramic_Tile_Roomscene1.jpg?v=1762199260&width=1024,,,,,https://floorscenter.com/products/alfagres-boston-18-x-18-matte-ceramic-tile,/products/alfagres-boston-18-x-18-matte-ceramic-tile#product,2026-08-19T19:40:23.301424+00:00
Alfagres,"Noce / 18"" x 18""",225026224,,,"Alfagres Boston 18x18 Matte Ceramic Tile delivers timeless charm with a slightly textured matte surface and neutral tones, making it perfect for large flooring applications. The square 18x18 size adds balance and harmony to open spaces while offering an easy-to-maintain and durable surface. Alfagres Boston is ideal for both residential and commercial spaces where practicality meets understated style.",,InStock,25.27,USD,https://floorscenter.com/cdn/shop/files/Alfagres_Boston_18_x_18_Matte_Ceramic_Tile_Roomscene1.jpg?v=1762199260&width=1024,https://floorscenter.com/cdn/shop/files/Alfagres_Boston_18_x_18_Matte_Ceramic_Tile_Roomscene1.jpg?v=1762199260&width=1024,,,,,https://floorscenter.com/products/alfagres-boston-18-x-18-matte-ceramic-tile,/products/alfagres-boston-18-x-18-matte-ceramic-tile#product,2026-08-19T19:40:23.301424+00:00
Alfagres,"Perla / 18"" x 18""",225026222,,,"Alfagres Boston 18x18 Matte Ceramic Tile delivers timeless charm with a slightly textured matte surface and neutral tones, making it perfect for large flooring applications. The square 18x18 size adds balance and harmony to open spaces while offering an easy-to-maintain and durable surface. Alfagres Boston is ideal for both residential and commercial spaces where practicality meets understated style.",,InStock,25.27,USD,https://floorscenter.com/cdn/shop/files/Alfagres_Boston_18_x_18_Matte_Ceramic_Tile_Roomscene1.jpg?v=1762199260&width=1024,https://floorscenter.com/cdn/shop/files/Alfagres_Boston_18_x_18_Matte_Ceramic_Tile_Roomscene1.jpg?v=1762199260&width=1024,,,,,https://floorscenter.com/products/alfagres-boston-18-x-18-matte-ceramic-tile,/products/alfagres-boston-18-x-18-matte-ceramic-tile#product,2026-08-19T19:40:23.301424+00:00
,Alfagres Boston 18&quot; x 18&quot; Matte Ceramic Tile,50841354830126,,,"Alfagres Boston 18x18 Matte Ceramic Tile delivers timeless charm with a slightly textured matte surface and neutral tones, making it perfect for large flooring applications. The square 18x18 size adds balance and harmony to open spaces while offer...",,InStock,25.27,USD,https://floorscenter.com//floorscenter.com/cdn/shop/files/Alfagres_Boston_18_x_18_Matte_Ceramic_Tile_Roomscene1_800x.jpg?v=1762199260,https://floorscenter.com//floorscenter.com/cdn/shop/files/Alfagres_Boston_18_x_18_Matte_Ceramic_Tile_Roomscene1_800x.jpg?v=1762199260,,,,,https://floorscenter.com/products/alfagres-boston-18-x-18-matte-ceramic-tile,/products/alfagres-boston-18-x-18-matte-ceramic-tile#product,2026-08-19T19:40:23.301424+00:00
